gen_ob_id,for_project,by_member,date_created,notes
160,Euplatypus Project (Dummy Data),11,2/22/24,
162,Euplatypus Project (Dummy Data),11,2/22/24,
166,Euplatypus Project (Dummy Data),11,2/22/24,
169,Euplatypus Project (Dummy Data),11,2/22/24,
170,Euplatypus Project (Dummy Data),11,2/22/24,
171,Euplatypus Project (Dummy Data),11,2/22/24,
172,Euplatypus Project (Dummy Data),11,2/22/24,
173,Euplatypus Project (Dummy Data),11,2/22/24,
174,Euplatypus Project (Dummy Data),11,2/29/24,
175,Euplatypus Project (Dummy Data),11,2/22/24,
176,Euplatypus Project (Dummy Data),11,2/22/24,
177,Euplatypus Project (Dummy Data),11,2/22/24,
178,Euplatypus Project (Dummy Data),11,2/22/24,
179,Euplatypus Project (Dummy Data),11,2/22/24,
180,Euplatypus Project (Dummy Data),11,2/22/24,
181,Euplatypus Project (Dummy Data),11,2/22/24,
182,Euplatypus Project (Dummy Data),11,2/22/24,
183,Euplatypus Project (Dummy Data),11,2/22/24,
184,Euplatypus Project (Dummy Data),11,2/22/24,
185,Euplatypus Project (Dummy Data),11,2/22/24,
186,Euplatypus Project (Dummy Data),11,2/22/24,
187,Euplatypus Project (Dummy Data),11,2/22/24,
188,Euplatypus Project (Dummy Data),11,2/22/24,
189,Euplatypus Project (Dummy Data),11,2/22/24,
190,Euplatypus Project (Dummy Data),11,2/22/24,
191,Euplatypus Project (Dummy Data),11,2/22/24,
192,Euplatypus Project (Dummy Data),11,2/22/24,
193,Euplatypus Project (Dummy Data),11,2/22/24,
194,Euplatypus Project (Dummy Data),11,2/22/24,
195,Euplatypus Project (Dummy Data),11,2/22/24,
196,Euplatypus Project (Dummy Data),11,2/22/24,
197,Euplatypus Project (Dummy Data),11,2/22/24,
198,Euplatypus Project (Dummy Data),11,2/22/24,
199,Euplatypus Project (Dummy Data),11,2/22/24,
200,Euplatypus Project (Dummy Data),11,2/22/24,
201,Euplatypus Project (Dummy Data),11,2/22/24,
202,Euplatypus Project (Dummy Data),11,2/22/24,
203,Euplatypus Project (Dummy Data),11,2/22/24,
204,Euplatypus Project (Dummy Data),11,2/22/24,
205,Euplatypus Project (Dummy Data),11,2/22/24,
206,Euplatypus Project (Dummy Data),11,2/22/24,
207,Euplatypus Project (Dummy Data),11,2/22/24,
208,Euplatypus Project (Dummy Data),11,2/22/24,
209,Euplatypus Project (Dummy Data),11,2/22/24,
210,Euplatypus Project (Dummy Data),11,2/22/24,
211,Euplatypus Project (Dummy Data),11,2/22/24,
212,Euplatypus Project (Dummy Data),11,2/22/24,
213,Euplatypus Project (Dummy Data),11,2/22/24,
214,Euplatypus Project (Dummy Data),11,2/22/24,
215,Euplatypus Project (Dummy Data),11,2/22/24,
217,Euplatypus Project (Dummy Data),11,2/22/24,
218,Euplatypus Project (Dummy Data),11,2/22/24,
219,Euplatypus Project (Dummy Data),11,2/22/24,
220,Euplatypus Project (Dummy Data),11,2/22/24,
221,Euplatypus Project (Dummy Data),11,2/22/24,
222,Euplatypus Project (Dummy Data),11,2/22/24,
223,Euplatypus Project (Dummy Data),11,2/22/24,
224,Euplatypus Project (Dummy Data),11,2/22/24,
225,Euplatypus Project (Dummy Data),11,2/22/24,
226,Euplatypus Project (Dummy Data),11,2/22/24,
227,Euplatypus Project (Dummy Data),11,2/22/24,
228,Euplatypus Project (Dummy Data),11,2/22/24,
229,Euplatypus Project (Dummy Data),11,2/22/24,
230,Euplatypus Project (Dummy Data),11,2/22/24,
231,Euplatypus Project (Dummy Data),11,2/22/24,
232,Euplatypus Project (Dummy Data),11,2/22/24,
233,Euplatypus Project (Dummy Data),11,2/22/24,
234,Euplatypus Project (Dummy Data),11,2/22/24,
235,Euplatypus Project (Dummy Data),11,2/22/24,
236,Euplatypus Project (Dummy Data),11,2/22/24,
237,Euplatypus Project (Dummy Data),11,2/22/24,
238,Euplatypus Project (Dummy Data),11,2/22/24,
239,Euplatypus Project (Dummy Data),11,2/22/24,
240,Euplatypus Project (Dummy Data),11,2/22/24,
241,Euplatypus Project (Dummy Data),11,2/22/24,
242,Euplatypus Project (Dummy Data),11,2/22/24,
243,Euplatypus Project (Dummy Data),11,2/22/24,
244,Euplatypus Project (Dummy Data),11,2/22/24,
245,Euplatypus Project (Dummy Data),11,2/22/24,
246,Euplatypus Project (Dummy Data),11,2/22/24,
247,Euplatypus Project (Dummy Data),11,2/22/24,
248,Euplatypus Project (Dummy Data),11,2/22/24,
249,Euplatypus Project (Dummy Data),11,2/22/24,
250,Euplatypus Project (Dummy Data),11,2/22/24,
251,Euplatypus Project (Dummy Data),11,2/22/24,
252,Euplatypus Project (Dummy Data),11,2/22/24,
253,Euplatypus Project (Dummy Data),11,2/22/24,
254,Euplatypus Project (Dummy Data),11,2/22/24,
255,Euplatypus Project (Dummy Data),11,2/22/24,
256,Euplatypus Project (Dummy Data),11,2/22/24,
257,Euplatypus Project (Dummy Data),11,2/22/24,
282,Euplatypus Project (Dummy Data),11,2/22/24,
552,Euplatypus Project (Dummy Data),11,2/29/24,Located by Jiri when the original felled trees for the project did not yield any beetles
553,Euplatypus Project (Dummy Data),11,3/29/24,Located by Jiri when the original felled trees for the project did not yield any beetles
554,Euplatypus Project (Dummy Data),11,2/29/24,
555,Euplatypus Project (Dummy Data),11,2/29/24,
556,Euplatypus Project (Dummy Data),11,2/29/24,
557,Euplatypus Project (Dummy Data),11,3/1/24,
558,Euplatypus Project (Dummy Data),11,3/1/24,
559,Euplatypus Project (Dummy Data),11,3/1/24,
560,Euplatypus Project (Dummy Data),11,2/29/24,
561,Euplatypus Project (Dummy Data),11,2/29/24,
562,Euplatypus Project (Dummy Data),11,2/29/24,
563,Euplatypus Project (Dummy Data),11,2/29/24,
564,Euplatypus Project (Dummy Data),11,2/29/24,
565,Euplatypus Project (Dummy Data),11,2/29/24,
566,Euplatypus Project (Dummy Data),11,3/1/24,
567,Euplatypus Project (Dummy Data),11,3/1/24,
568,Euplatypus Project (Dummy Data),11,3/1/24,
569,Euplatypus Project (Dummy Data),11,3/1/24,
570,Euplatypus Project (Dummy Data),11,3/1/24,
571,Euplatypus Project (Dummy Data),11,2/29/24,
572,Euplatypus Project (Dummy Data),11,2/29/24,
573,Euplatypus Project (Dummy Data),11,2/29/24,
574,Euplatypus Project (Dummy Data),11,2/29/24,
575,Euplatypus Project (Dummy Data),11,2/29/24,
576,Euplatypus Project (Dummy Data),11,2/29/24,
577,Euplatypus Project (Dummy Data),11,2/29/24,
578,Euplatypus Project (Dummy Data),11,2/29/24,
579,Euplatypus Project (Dummy Data),11,2/29/24,
580,Euplatypus Project (Dummy Data),11,2/29/24,
581,Euplatypus Project (Dummy Data),11,2/29/24,
582,Euplatypus Project (Dummy Data),11,2/29/24,
583,Euplatypus Project (Dummy Data),11,2/29/24,
1170,Euplatypus Project (Dummy Data),11,5/2/24,
1171,Euplatypus Project (Dummy Data),11,5/2/24,
1172,Euplatypus Project (Dummy Data),11,5/2/24,
1173,Euplatypus Project (Dummy Data),11,5/2/24,
1174,Euplatypus Project (Dummy Data),11,5/2/24,
1175,Euplatypus Project (Dummy Data),11,5/2/24,
1176,Euplatypus Project (Dummy Data),11,5/2/24,
1177,Euplatypus Project (Dummy Data),11,5/2/24,
1178,Euplatypus Project (Dummy Data),11,5/2/24,
1179,Euplatypus Project (Dummy Data),11,5/2/24,
1180,Euplatypus Project (Dummy Data),11,5/1/24,
3456,Euplatypus Project (Dummy Data),11,9/25/21,
3457,Euplatypus Project (Dummy Data),11,9/25/21,
3458,Euplatypus Project (Dummy Data),11,9/25/21,
3459,Euplatypus Project (Dummy Data),11,9/25/21,
3460,Euplatypus Project (Dummy Data),11,9/25/21,
3461,Euplatypus Project (Dummy Data),11,9/25/21,
3462,Euplatypus Project (Dummy Data),11,9/25/21,
3463,Euplatypus Project (Dummy Data),11,9/25/21,
3464,Euplatypus Project (Dummy Data),11,9/25/21,
3465,Euplatypus Project (Dummy Data),11,9/25/21,
3466,Euplatypus Project (Dummy Data),11,9/25/21,
3467,Euplatypus Project (Dummy Data),11,9/25/21,
3468,Euplatypus Project (Dummy Data),11,9/25/21,
3469,Euplatypus Project (Dummy Data),11,2/27/22,
3470,Euplatypus Project (Dummy Data),11,3/2/22,
3471,Euplatypus Project (Dummy Data),11,6/15/22,
3472,Euplatypus Project (Dummy Data),11,6/16/22,
3473,Euplatypus Project (Dummy Data),11,6/16/22,
3474,Euplatypus Project (Dummy Data),11,6/16/22,
3475,Euplatypus Project (Dummy Data),11,6/16/22,
3476,Euplatypus Project (Dummy Data),11,6/16/22,
3477,Euplatypus Project (Dummy Data),11,6/16/22,
3478,Euplatypus Project (Dummy Data),11,6/14/22,
3479,Euplatypus Project (Dummy Data),11,6/16/22,
3480,Euplatypus Project (Dummy Data),11,6/16/22,
3481,Euplatypus Project (Dummy Data),11,6/16/22,
3482,Euplatypus Project (Dummy Data),11,6/14/22,
3483,Euplatypus Project (Dummy Data),11,6/14/22,
3484,Euplatypus Project (Dummy Data),11,6/14/22,
3485,Euplatypus Project (Dummy Data),11,6/14/22,
3486,Euplatypus Project (Dummy Data),11,6/14/22,
3487,Euplatypus Project (Dummy Data),11,6/14/22,
3488,Euplatypus Project (Dummy Data),11,6/15/22,
3489,Euplatypus Project (Dummy Data),11,6/16/22,
3490,Euplatypus Project (Dummy Data),11,6/16/22,
3491,Euplatypus Project (Dummy Data),11,6/16/22,
3492,Euplatypus Project (Dummy Data),11,8/16/22,
3493,Euplatypus Project (Dummy Data),11,8/16/22,
3494,Euplatypus Project (Dummy Data),11,6/18/22,"Hindgut of Euplatypus parallelus, female, for culturing"
3495,Euplatypus Project (Dummy Data),11,6/18/22,"Hindgut of Euplatypus parallelus, female, for culturing"
3496,Euplatypus Project (Dummy Data),11,6/18/22,"Head of Euplatypus parallelus, female, for culturing"
3497,Euplatypus Project (Dummy Data),11,6/18/22,"Head of Euplatypus parallelus, female, for culturing"
3500,Euplatypus Project (Dummy Data),11,6/18/22,"Prothorax of Euplatypus parallelus, female, for culturing"
3501,Euplatypus Project (Dummy Data),11,6/18/22,"Prothorax of Euplatypus parallelus, female, for culturing"
3502,Euplatypus Project (Dummy Data),11,6/18/22,"Hindgut of Euplatypus parallelus, female, for culturing"
3503,Euplatypus Project (Dummy Data),11,6/18/22,"Hindgut of Euplatypus parallelus, female, for culturing"
3504,Euplatypus Project (Dummy Data),11,6/18/22,"Head of Euplatypus parallelus, female, for culturing"
3505,Euplatypus Project (Dummy Data),11,6/18/22,"Head of Euplatypus parallelus, female, for culturing"
3506,Euplatypus Project (Dummy Data),11,6/18/22,"Prothorax of Euplatypus parallelus, female, for culturing"
3507,Euplatypus Project (Dummy Data),11,6/18/22,"Prothorax of Euplatypus parallelus, female, for culturing"
3508,Euplatypus Project (Dummy Data),11,6/18/22,"Hindgut of Euplatypus parallelus, female, for culturing"
3509,Euplatypus Project (Dummy Data),11,6/18/22,"Hindgut of Euplatypus parallelus, female, for culturing"
3510,Euplatypus Project (Dummy Data),11,6/18/22,"Head of Euplatypus parallelus, female, for culturing"
3511,Euplatypus Project (Dummy Data),11,6/18/22,"Head of Euplatypus parallelus, female, for culturing"
3512,Euplatypus Project (Dummy Data),11,6/18/22,"Prothorax of Euplatypus parallelus, female, for culturing"
3513,Euplatypus Project (Dummy Data),11,6/18/22,"Prothorax of Euplatypus parallelus, female, for culturing"
3514,Euplatypus Project (Dummy Data),11,6/18/22,"Hindgut of Euplatypus parallelus, female, for culturing"
3515,Euplatypus Project (Dummy Data),11,6/18/22,"Hindgut of Euplatypus parallelus, female, for culturing"
3516,Euplatypus Project (Dummy Data),11,6/18/22,"Head of Euplatypus parallelus, female, for culturing"
3517,Euplatypus Project (Dummy Data),11,6/18/22,"Head of Euplatypus parallelus, female, for culturing"
3518,Euplatypus Project (Dummy Data),11,6/18/22,"Prothorax of Euplatypus parallelus, female, for culturing"
3519,Euplatypus Project (Dummy Data),11,6/18/22,"Prothorax of Euplatypus parallelus, female, for culturing"
3520,Euplatypus Project (Dummy Data),11,6/18/22,"Hindgut of Euplatypus parallelus, female, for culturing"
3521,Euplatypus Project (Dummy Data),11,6/18/22,"Hindgut of Euplatypus parallelus, female, for culturing"
3522,Euplatypus Project (Dummy Data),11,6/18/22,"Head of Euplatypus parallelus, female, for culturing"
3523,Euplatypus Project (Dummy Data),11,6/18/22,"Head of Euplatypus parallelus, female, for culturing"
3524,Euplatypus Project (Dummy Data),11,6/18/22,"Prothorax of Euplatypus parallelus, female, for culturing"
3525,Euplatypus Project (Dummy Data),11,6/18/22,"Prothorax of Euplatypus parallelus, female, for culturing"
3526,Euplatypus Project (Dummy Data),11,6/18/22,"Hindgut of Euplatypus parallelus, female, for culturing"
3527,Euplatypus Project (Dummy Data),11,6/18/22,"Hindgut of Euplatypus parallelus, female, for culturing"
3528,Euplatypus Project (Dummy Data),11,6/18/22,"Head of Euplatypus parallelus, female, for culturing"
3529,Euplatypus Project (Dummy Data),11,6/18/22,"Head of Euplatypus parallelus, female, for culturing"
3530,Euplatypus Project (Dummy Data),11,6/18/22,"Prothorax of Euplatypus parallelus, female, for culturing"
3531,Euplatypus Project (Dummy Data),11,6/18/22,"Prothorax of Euplatypus parallelus, female, for culturing"
3532,Euplatypus Project (Dummy Data),11,6/18/22,"Hindgut of Euplatypus parallelus, female, for culturing"
3533,Euplatypus Project (Dummy Data),11,6/18/22,"Hindgut of Euplatypus parallelus, female, for culturing"
3534,Euplatypus Project (Dummy Data),11,6/18/22,"Head of Euplatypus parallelus, female, for culturing"
3535,Euplatypus Project (Dummy Data),11,6/18/22,"Head of Euplatypus parallelus, female, for culturing"
3536,Euplatypus Project (Dummy Data),11,6/18/22,"Prothorax of Euplatypus parallelus, female, for culturing"
3537,Euplatypus Project (Dummy Data),11,6/18/22,"Prothorax of Euplatypus parallelus, female, for culturing"
3538,Euplatypus Project (Dummy Data),11,6/18/22,"Hindgut of Euplatypus parallelus, female, for culturing"
3539,Euplatypus Project (Dummy Data),11,6/18/22,"Hindgut of Euplatypus parallelus, female, for culturing"
3540,Euplatypus Project (Dummy Data),11,6/18/22,"Head of Euplatypus parallelus, female, for culturing"
3541,Euplatypus Project (Dummy Data),11,6/18/22,"Head of Euplatypus parallelus, female, for culturing"
3542,Euplatypus Project (Dummy Data),11,6/18/22,"Prothorax of Euplatypus parallelus, female, for culturing"
3543,Euplatypus Project (Dummy Data),11,6/18/22,"Prothorax of Euplatypus parallelus, female, for culturing"
3544,Euplatypus Project (Dummy Data),11,6/18/22,"Hindgut of Euplatypus parallelus, female, for culturing"
3545,Euplatypus Project (Dummy Data),11,6/18/22,"Hindgut of Euplatypus parallelus, female, for culturing"
3546,Euplatypus Project (Dummy Data),11,6/18/22,"Head of Euplatypus parallelus, female, for culturing"
3547,Euplatypus Project (Dummy Data),11,6/18/22,"Head of Euplatypus parallelus, female, for culturing"
3548,Euplatypus Project (Dummy Data),11,6/18/22,"Prothorax of Euplatypus parallelus, female, for culturing"
3549,Euplatypus Project (Dummy Data),11,6/18/22,"Prothorax of Euplatypus parallelus, female, for culturing"
3550,Euplatypus Project (Dummy Data),11,6/18/22,"Hindgut of Euplatypus parallelus, female, for culturing"
3551,Euplatypus Project (Dummy Data),11,6/18/22,"Hindgut of Euplatypus parallelus, female, for culturing"
3552,Euplatypus Project (Dummy Data),11,6/18/22,"Head of Euplatypus parallelus, female, for culturing"
3553,Euplatypus Project (Dummy Data),11,6/18/22,"Head of Euplatypus parallelus, female, for culturing"
3554,Euplatypus Project (Dummy Data),11,6/18/22,"Prothorax of Euplatypus parallelus, female, for culturing"
3555,Euplatypus Project (Dummy Data),11,6/18/22,"Prothorax of Euplatypus parallelus, female, for culturing"
3556,Euplatypus Project (Dummy Data),11,6/18/22,"Hindgut of Euplatypus parallelus, male, for culturing"
3557,Euplatypus Project (Dummy Data),11,6/18/22,"Hindgut of Euplatypus parallelus, male, for culturing"
3558,Euplatypus Project (Dummy Data),11,6/18/22,"Head of Euplatypus parallelus, male, for culturing"
3559,Euplatypus Project (Dummy Data),11,6/18/22,"Head of Euplatypus parallelus, male, for culturing"
3560,Euplatypus Project (Dummy Data),11,6/18/22,"Prothorax of Euplatypus parallelus, male, for culturing"
3561,Euplatypus Project (Dummy Data),11,6/18/22,"Prothorax of Euplatypus parallelus, male, for culturing"
3562,Euplatypus Project (Dummy Data),11,6/18/22,"Hindgut of Euplatypus parallelus, male, for culturing"
3563,Euplatypus Project (Dummy Data),11,6/18/22,"Hindgut of Euplatypus parallelus, male, for culturing"
3564,Euplatypus Project (Dummy Data),11,6/18/22,"Head of Euplatypus parallelus, male, for culturing"
3565,Euplatypus Project (Dummy Data),11,6/18/22,"Head of Euplatypus parallelus, male, for culturing"
3566,Euplatypus Project (Dummy Data),11,6/18/22,"Prothorax of Euplatypus parallelus, male, for culturing"
3567,Euplatypus Project (Dummy Data),11,6/18/22,"Prothorax of Euplatypus parallelus, male, for culturing"
3568,Euplatypus Project (Dummy Data),11,6/18/22,"Hindgut of Euplatypus parallelus, male, for culturing"
3569,Euplatypus Project (Dummy Data),11,6/18/22,"Hindgut of Euplatypus parallelus, male, for culturing"
3570,Euplatypus Project (Dummy Data),11,6/18/22,"Head of Euplatypus parallelus, male, for culturing"
3571,Euplatypus Project (Dummy Data),11,6/18/22,"Head of Euplatypus parallelus, male, for culturing"
3572,Euplatypus Project (Dummy Data),11,6/18/22,"Prothorax of Euplatypus parallelus, male, for culturing"
3573,Euplatypus Project (Dummy Data),11,6/18/22,"Prothorax of Euplatypus parallelus, male, for culturing"
3574,Euplatypus Project (Dummy Data),11,6/19/22,"Hindgut of Euplatypus parallelus, male, for culturing"
3575,Euplatypus Project (Dummy Data),11,6/19/22,"Hindgut of Euplatypus parallelus, male, for culturing"
3576,Euplatypus Project (Dummy Data),11,6/19/22,"Head of Euplatypus parallelus, male, for culturing"
3577,Euplatypus Project (Dummy Data),11,6/19/22,"Head of Euplatypus parallelus, male, for culturing"
3578,Euplatypus Project (Dummy Data),11,6/19/22,"Prothorax of Euplatypus parallelus, male, for culturing"
3579,Euplatypus Project (Dummy Data),11,6/19/22,"Prothorax of Euplatypus parallelus, male, for culturing"
3580,Euplatypus Project (Dummy Data),11,6/19/22,"Hindgut of Euplatypus parallelus, male, for culturing"
3581,Euplatypus Project (Dummy Data),11,6/19/22,"Hindgut of Euplatypus parallelus, male, for culturing"
3582,Euplatypus Project (Dummy Data),11,6/19/22,"Head of Euplatypus parallelus, male, for culturing"
3583,Euplatypus Project (Dummy Data),11,6/19/22,"Head of Euplatypus parallelus, male, for culturing"
3584,Euplatypus Project (Dummy Data),11,6/19/22,"Prothorax of Euplatypus parallelus, male, for culturing"
3585,Euplatypus Project (Dummy Data),11,6/19/22,"Prothorax of Euplatypus parallelus, male, for culturing"
3586,Euplatypus Project (Dummy Data),11,6/19/22,"Hindgut of Euplatypus parallelus, male, for culturing"
3587,Euplatypus Project (Dummy Data),11,6/19/22,"Hindgut of Euplatypus parallelus, male, for culturing"
3588,Euplatypus Project (Dummy Data),11,6/19/22,"Head of Euplatypus parallelus, male, for culturing"
3589,Euplatypus Project (Dummy Data),11,6/19/22,"Head of Euplatypus parallelus, male, for culturing"
3590,Euplatypus Project (Dummy Data),11,6/19/22,"Prothorax of Euplatypus parallelus, male, for culturing"
3591,Euplatypus Project (Dummy Data),11,6/19/22,"Prothorax of Euplatypus parallelus, male, for culturing"
3592,Euplatypus Project (Dummy Data),11,6/19/22,"Hindgut of Euplatypus parallelus, male, for culturing"
3593,Euplatypus Project (Dummy Data),11,6/19/22,"Hindgut of Euplatypus parallelus, male, for culturing"
3594,Euplatypus Project (Dummy Data),11,6/19/22,"Head of Euplatypus parallelus, male, for culturing"
3595,Euplatypus Project (Dummy Data),11,6/19/22,"Head of Euplatypus parallelus, male, for culturing"
3596,Euplatypus Project (Dummy Data),11,6/19/22,"Prothorax of Euplatypus parallelus, male, for culturing"
3597,Euplatypus Project (Dummy Data),11,6/19/22,"Prothorax of Euplatypus parallelus, male, for culturing"
3598,Euplatypus Project (Dummy Data),11,6/19/22,"Hindgut of Euplatypus parallelus, male, for culturing"
3599,Euplatypus Project (Dummy Data),11,6/19/22,"Hindgut of Euplatypus parallelus, male, for culturing"
3600,Euplatypus Project (Dummy Data),11,6/19/22,"Head of Euplatypus parallelus, male, for culturing"
3601,Euplatypus Project (Dummy Data),11,6/19/22,"Head of Euplatypus parallelus, male, for culturing"
3602,Euplatypus Project (Dummy Data),11,6/19/22,"Prothorax of Euplatypus parallelus, male, for culturing"
3603,Euplatypus Project (Dummy Data),11,6/19/22,"Prothorax of Euplatypus parallelus, male, for culturing"
3604,Euplatypus Project (Dummy Data),11,6/19/22,"Hindgut of Euplatypus parallelus, male, for culturing"
3605,Euplatypus Project (Dummy Data),11,6/19/22,"Hindgut of Euplatypus parallelus, male, for culturing"
3606,Euplatypus Project (Dummy Data),11,6/19/22,"Head of Euplatypus parallelus, male, for culturing"
3607,Euplatypus Project (Dummy Data),11,6/19/22,"Head of Euplatypus parallelus, male, for culturing"
3608,Euplatypus Project (Dummy Data),11,6/19/22,"Prothorax of Euplatypus parallelus, male, for culturing"
3609,Euplatypus Project (Dummy Data),11,6/19/22,"Prothorax of Euplatypus parallelus, male, for culturing"
3610,Euplatypus Project (Dummy Data),11,6/19/22,"Hindgut of Euplatypus parallelus, male, for culturing"
3611,Euplatypus Project (Dummy Data),11,6/19/22,"Hindgut of Euplatypus parallelus, male, for culturing"
3612,Euplatypus Project (Dummy Data),11,6/19/22,"Head of Euplatypus parallelus, male, for culturing"
3613,Euplatypus Project (Dummy Data),11,6/19/22,"Head of Euplatypus parallelus, male, for culturing"
3614,Euplatypus Project (Dummy Data),11,6/19/22,"Prothorax of Euplatypus parallelus, male, for culturing"
3615,Euplatypus Project (Dummy Data),11,6/19/22,"Prothorax of Euplatypus parallelus, male, for culturing"
3616,Euplatypus Project (Dummy Data),11,9/27/21,previously named #1 (WA); Euplatypus parallelus; Female; Head
3617,Euplatypus Project (Dummy Data),11,9/27/21,previously named #2 (WA); Euplatypus parallelus; Female; Head
3618,Euplatypus Project (Dummy Data),11,9/27/21,previously named #3 (WA); Euplatypus parallelus; Female; Head
3619,Euplatypus Project (Dummy Data),11,9/27/21,previously named #4 (WA); Euplatypus parallelus; Female; Prothorax
3620,Euplatypus Project (Dummy Data),11,9/27/21,previously named #5 (WA); Euplatypus parallelus; Female; Prothorax
3621,Euplatypus Project (Dummy Data),11,9/27/21,previously named #6 (WA); Euplatypus parallelus; Female; Prothorax
3622,Euplatypus Project (Dummy Data),11,9/27/21,previously named #7 (WA); Euplatypus parallelus; Female; Head
3623,Euplatypus Project (Dummy Data),11,9/27/21,previously named #8 (WA); Euplatypus parallelus; Female; Head
3624,Euplatypus Project (Dummy Data),11,9/27/21,previously named #9 (WA); Euplatypus parallelus; Female; Head
3625,Euplatypus Project (Dummy Data),11,9/27/21,previously named #10 (WA); Euplatypus parallelus; Female; Prothorax
3626,Euplatypus Project (Dummy Data),11,9/27/21,previously named #11 (WA); Euplatypus parallelus; Female; Prothorax
3627,Euplatypus Project (Dummy Data),11,9/27/21,previously named #12 (WA); Euplatypus parallelus; Female; Prothorax
3628,Euplatypus Project (Dummy Data),11,9/27/21,previously named #13 (WA); Euplatypus parallelus; Female; Head
3629,Euplatypus Project (Dummy Data),11,9/27/21,previously named #14 (WA); Euplatypus parallelus; Female; Head
3630,Euplatypus Project (Dummy Data),11,9/27/21,previously named #15 (WA); Euplatypus parallelus; Female; Head
3631,Euplatypus Project (Dummy Data),11,9/27/21,previously named #16 (WA); Euplatypus parallelus; Female; Prothorax
3632,Euplatypus Project (Dummy Data),11,9/27/21,previously named #17 (WA); Euplatypus parallelus; Female; Prothorax
3633,Euplatypus Project (Dummy Data),11,9/27/21,previously named #18 (WA); Euplatypus parallelus; Female; Prothorax
3634,Euplatypus Project (Dummy Data),11,9/27/21,previously named #19 (WA); Euplatypus parallelus; Male; Head
3635,Euplatypus Project (Dummy Data),11,9/27/21,previously named #20 (WA); Euplatypus parallelus; Male; Head
3636,Euplatypus Project (Dummy Data),11,9/27/21,previously named #21 (WA); Euplatypus parallelus; Male; Head
3637,Euplatypus Project (Dummy Data),11,9/27/21,previously named #22 (WA); Euplatypus parallelus; Male; Prothorax
3638,Euplatypus Project (Dummy Data),11,9/27/21,previously named #23 (WA); Euplatypus parallelus; Male; Prothorax
3639,Euplatypus Project (Dummy Data),11,9/27/21,previously named #24 (WA); Euplatypus parallelus; Male; Prothorax
3640,Euplatypus Project (Dummy Data),11,9/27/21,previously named #25 (WA); Euplatypus parallelus; Male; Head
3641,Euplatypus Project (Dummy Data),11,9/27/21,previously named #26 (WA); Euplatypus parallelus; Male; Head
3642,Euplatypus Project (Dummy Data),11,9/27/21,previously named #27 (WA); Euplatypus parallelus; Male; Head
3643,Euplatypus Project (Dummy Data),11,9/27/21,previously named #28 (WA); Euplatypus parallelus; Male; Prothorax
3644,Euplatypus Project (Dummy Data),11,9/27/21,previously named #29 (WA); Euplatypus parallelus; Male; Prothorax
3645,Euplatypus Project (Dummy Data),11,9/27/21,previously named #30 (WA); Euplatypus parallelus; Male; Prothorax
3646,Euplatypus Project (Dummy Data),11,9/27/21,previously named #31 (WA); Euplatypus parallelus; Male; Head
3647,Euplatypus Project (Dummy Data),11,9/27/21,previously named #32 (WA); Euplatypus parallelus; Male; Head
3648,Euplatypus Project (Dummy Data),11,9/27/21,previously named #33 (WA); Euplatypus parallelus; Male; Head
3649,Euplatypus Project (Dummy Data),11,9/27/21,previously named #34 (WA); Euplatypus parallelus; Male; Prothorax
3650,Euplatypus Project (Dummy Data),11,9/27/21,previously named #35 (WA); Euplatypus parallelus; Male; Prothorax
3651,Euplatypus Project (Dummy Data),11,9/27/21,previously named #36 (WA); Euplatypus parallelus; Male; Prothorax
3652,Euplatypus Project (Dummy Data),11,9/27/21,previously named #1; Euplatypus parallelus; Female; Head
3653,Euplatypus Project (Dummy Data),11,9/27/21,previously named #2; Euplatypus parallelus; Female; Head
3654,Euplatypus Project (Dummy Data),11,9/27/21,previously named #3; Euplatypus parallelus; Female; Head
3655,Euplatypus Project (Dummy Data),11,9/27/21,previously named #4; Euplatypus parallelus; Female; Prothorax
3656,Euplatypus Project (Dummy Data),11,9/27/21,previously named #5; Euplatypus parallelus; Female; Prothorax
3657,Euplatypus Project (Dummy Data),11,9/27/21,previously named #6; Euplatypus parallelus; Female; Prothorax
3658,Euplatypus Project (Dummy Data),11,9/27/21,previously named #7; Euplatypus parallelus; Male; Head
3659,Euplatypus Project (Dummy Data),11,9/27/21,previously named #8; Euplatypus parallelus; Male; Head
3660,Euplatypus Project (Dummy Data),11,9/27/21,previously named #9; Euplatypus parallelus; Male; Head
3661,Euplatypus Project (Dummy Data),11,9/27/21,previously named #10; Euplatypus parallelus; Male; Prothorax
3662,Euplatypus Project (Dummy Data),11,9/27/21,previously named #11; Euplatypus parallelus; Male; Prothorax
3663,Euplatypus Project (Dummy Data),11,9/27/21,previously named #12; Euplatypus parallelus; Male; Prothorax
3664,Euplatypus Project (Dummy Data),11,9/27/21,previously named #13; Euplatypus parallelus; Male; Head
3665,Euplatypus Project (Dummy Data),11,9/27/21,previously named #14; Euplatypus parallelus; Male; Head
3666,Euplatypus Project (Dummy Data),11,9/27/21,previously named #15; Euplatypus parallelus; Male; Head
3667,Euplatypus Project (Dummy Data),11,9/27/21,previously named #16; Euplatypus parallelus; Male; Prothorax
3668,Euplatypus Project (Dummy Data),11,9/27/21,previously named #17; Euplatypus parallelus; Male; Prothorax
3669,Euplatypus Project (Dummy Data),11,9/27/21,previously named #18; Euplatypus parallelus; Male; Prothorax
3670,Euplatypus Project (Dummy Data),11,9/27/21,previously named #19; Euplatypus compositus; Female; Head
3671,Euplatypus Project (Dummy Data),11,9/27/21,previously named #20; Euplatypus compositus; Female; Head
3672,Euplatypus Project (Dummy Data),11,9/27/21,previously named #21; Euplatypus compositus; Female; Head
3673,Euplatypus Project (Dummy Data),11,9/27/21,previously named #22; Euplatypus compositus; Female; Prothorax
3674,Euplatypus Project (Dummy Data),11,9/27/21,previously named #23; Euplatypus compositus; Female; Prothorax
3675,Euplatypus Project (Dummy Data),11,9/27/21,previously named #24; Euplatypus compositus; Female; Prothorax
3676,Euplatypus Project (Dummy Data),11,9/27/21,previously named #25; Euplatypus compositus; Female; Head
3677,Euplatypus Project (Dummy Data),11,9/27/21,previously named #26; Euplatypus compositus; Female; Head
3678,Euplatypus Project (Dummy Data),11,9/27/21,previously named #27; Euplatypus compositus; Female; Head
3679,Euplatypus Project (Dummy Data),11,9/27/21,previously named #28; Euplatypus compositus; Female; Prothorax
3680,Euplatypus Project (Dummy Data),11,9/27/21,previously named #29; Euplatypus compositus; Female; Prothorax
3681,Euplatypus Project (Dummy Data),11,9/27/21,previously named #30; Euplatypus compositus; Female; Prothorax
3682,Euplatypus Project (Dummy Data),11,9/27/21,previously named #31; Euplatypus compositus; Male; Head
3683,Euplatypus Project (Dummy Data),11,9/27/21,previously named #32; Euplatypus compositus; Male; Head
3684,Euplatypus Project (Dummy Data),11,9/27/21,previously named #33; Euplatypus compositus; Male; Head
3685,Euplatypus Project (Dummy Data),11,9/27/21,previously named #34; Euplatypus compositus; Male; Prothorax
3686,Euplatypus Project (Dummy Data),11,9/27/21,previously named #35; Euplatypus compositus; Male; Prothorax
3687,Euplatypus Project (Dummy Data),11,9/27/21,previously named #36; Euplatypus compositus; Male; Prothorax
3688,Euplatypus Project (Dummy Data),11,9/27/21,previously named #37; Euplatypus compositus; Male; Head
3689,Euplatypus Project (Dummy Data),11,9/27/21,previously named #38; Euplatypus compositus; Male; Head
3690,Euplatypus Project (Dummy Data),11,9/27/21,previously named #39; Euplatypus compositus; Male; Head
3691,Euplatypus Project (Dummy Data),11,9/27/21,previously named #40; Euplatypus compositus; Male; Prothorax
3692,Euplatypus Project (Dummy Data),11,9/27/21,previously named #41; Euplatypus compositus; Male; Prothorax
3693,Euplatypus Project (Dummy Data),11,9/27/21,previously named #42; Euplatypus compositus; Male; Prothorax
3694,Euplatypus Project (Dummy Data),11,3/14/21,Cultured from microscope slide dissection
3695,Euplatypus Project (Dummy Data),11,3/14/21,Cultured from microscope slide dissection
3696,Euplatypus Project (Dummy Data),11,9/30/21,previously named #M1#2 (WA); estimated total CFU count = 100
3697,Euplatypus Project (Dummy Data),11,9/30/21,previously named #M1#5 (WA); estimated total CFU count = 500
3698,Euplatypus Project (Dummy Data),11,9/30/21,previously named #M1#1 (WA); estimated total CFU count = 50
3699,Euplatypus Project (Dummy Data),11,9/30/21,previously named #M5#1 (WA); estimated total CFU count = 400
3700,Euplatypus Project (Dummy Data),11,9/30/21,previously named #M1#4 (WA); estimated total CFU count = 10
3701,Euplatypus Project (Dummy Data),11,9/30/21,previously named #M2#1 (WA); estimated total CFU count = 730
3702,Euplatypus Project (Dummy Data),11,9/30/21,previously named #M1#7 (WA); estimated total CFU count = 20
3703,Euplatypus Project (Dummy Data),11,9/30/21,previously named #M3#8 (WA); estimated total CFU count = 100
3704,Euplatypus Project (Dummy Data),11,9/30/21,previously named #M4#8 (WA); estimated total CFU count = 500
3705,Euplatypus Project (Dummy Data),11,9/30/21,previously named #M1#10 (WA); estimated total CFU count = 100
3706,Euplatypus Project (Dummy Data),11,9/30/21,previously named #M1#11 (WA); estimated total CFU count = 100
3707,Euplatypus Project (Dummy Data),11,9/30/21,previously named #M1#16 (WA); estimated total CFU count = 190
3708,Euplatypus Project (Dummy Data),11,9/30/21,previously named #M1#14 (WA); estimated total CFU count = 200
3709,Euplatypus Project (Dummy Data),11,9/30/21,previously named #M1#28 (WA); estimated total CFU count = 180
3710,Euplatypus Project (Dummy Data),11,9/30/21,previously named #M1#24 (WA); estimated total CFU count = 1000
3711,Euplatypus Project (Dummy Data),11,9/30/21,previously named #M4#28 (WA); estimated total CFU count = 10
3712,Euplatypus Project (Dummy Data),11,9/30/21,previously named #M2#25 (WA); estimated total CFU count = 50
3713,Euplatypus Project (Dummy Data),11,9/30/21,previously named #M4#30 (WA); estimated total CFU count = 1000
3714,Euplatypus Project (Dummy Data),11,9/30/21,previously named #M6#34 (WA); estimated total CFU count = 50
3715,Euplatypus Project (Dummy Data),11,9/30/21,previously named #M3#4; estimated total CFU count = 
3716,Euplatypus Project (Dummy Data),11,9/30/21,previously named #M3#5; estimated total CFU count = 100
3717,Euplatypus Project (Dummy Data),11,9/30/21,previously named #M1#2; estimated total CFU count = 
3718,Euplatypus Project (Dummy Data),11,9/30/21,previously named #M5#2; estimated total CFU count = 
3719,Euplatypus Project (Dummy Data),11,9/30/21,previously named #M2#4; estimated total CFU count = 410
3720,Euplatypus Project (Dummy Data),11,9/30/21,previously named #M8#1; estimated total CFU count = 40
3721,Euplatypus Project (Dummy Data),11,9/30/21,previously named #M4#10; estimated total CFU count = 160
3722,Euplatypus Project (Dummy Data),11,9/30/21,previously named #M1#10; estimated total CFU count = 240
3723,Euplatypus Project (Dummy Data),11,9/30/21,previously named #M5#11; estimated total CFU count = 600
3724,Euplatypus Project (Dummy Data),11,9/30/21,previously named #M2#10; estimated total CFU count = 50
3725,Euplatypus Project (Dummy Data),11,9/30/21,previously named #M1#16; estimated total CFU count = 370
3726,Euplatypus Project (Dummy Data),11,9/30/21,previously named #M2#16; estimated total CFU count = 90
3727,Euplatypus Project (Dummy Data),11,9/30/21,previously named #M3#13; estimated total CFU count = 10
3728,Euplatypus Project (Dummy Data),11,9/30/21,previously named #M1#16; estimated total CFU count = 370
3729,Euplatypus Project (Dummy Data),11,9/30/21,previously named #M2#13; estimated total CFU count = 10
3730,Euplatypus Project (Dummy Data),11,9/30/21,previously named #M1#13; estimated total CFU count = 20
3731,Euplatypus Project (Dummy Data),11,9/30/21,previously named #M1#22; estimated total CFU count = 1790
3732,Euplatypus Project (Dummy Data),11,9/30/21,previously named #M1#19; estimated total CFU count = 470
3733,Euplatypus Project (Dummy Data),11,9/30/21,previously named #M2#19; estimated total CFU count = 10
3734,Euplatypus Project (Dummy Data),11,9/30/21,previously named #M1#22; estimated total CFU count = 1790
3735,Euplatypus Project (Dummy Data),11,9/30/21,previously named #M1#22; estimated total CFU count = 1790
3736,Euplatypus Project (Dummy Data),11,9/30/21,previously named #M1#23; estimated total CFU count = 1300
3737,Euplatypus Project (Dummy Data),11,9/30/21,previously named #M2#23; estimated total CFU count = 700
3738,Euplatypus Project (Dummy Data),11,9/30/21,previously named #M3#29; estimated total CFU count = 100
3739,Euplatypus Project (Dummy Data),11,9/30/21,previously named #M4#29; estimated total CFU count = 400
3740,Euplatypus Project (Dummy Data),11,9/30/21,previously named #M3#26; estimated total CFU count = 200
3741,Euplatypus Project (Dummy Data),11,9/30/21,previously named #M2#28; estimated total CFU count = 90
3742,Euplatypus Project (Dummy Data),11,9/30/21,previously named #M1#28; estimated total CFU count = 2300
3743,Euplatypus Project (Dummy Data),11,9/30/21,previously named #M5#25; estimated total CFU count = 110
3744,Euplatypus Project (Dummy Data),11,9/30/21,previously named #M4#25; estimated total CFU count = 140
3745,Euplatypus Project (Dummy Data),11,9/30/21,previously named #M1#25; estimated total CFU count = 350
3746,Euplatypus Project (Dummy Data),11,9/30/21,previously named #M1#29; estimated total CFU count = 2000
3747,Euplatypus Project (Dummy Data),11,9/30/21,previously named #M1#34; estimated total CFU count = 80
3748,Euplatypus Project (Dummy Data),11,9/30/21,previously named #M3#34; estimated total CFU count = 50
3749,Euplatypus Project (Dummy Data),11,9/30/21,previously named #M2#34; estimated total CFU count = 30
3750,Euplatypus Project (Dummy Data),11,9/30/21,previously named #M4#34; estimated total CFU count = 10
3751,Euplatypus Project (Dummy Data),11,9/30/21,previously named #M1#40; estimated total CFU count = 540
3752,Euplatypus Project (Dummy Data),11,9/30/21,previously named #M2#40; estimated total CFU count = 80
3753,Euplatypus Project (Dummy Data),11,9/30/21,previously named #M3#40; estimated total CFU count = 230
3754,Euplatypus Project (Dummy Data),11,9/30/21,previously named #M1#37; estimated total CFU count = 40
3755,Euplatypus Project (Dummy Data),11,3/14/21,
3756,Euplatypus Project (Dummy Data),11,3/14/21,
3757,Euplatypus Project (Dummy Data),11,3/17/21,
3758,Euplatypus Project (Dummy Data),11,3/17/21,
3759,Euplatypus Project (Dummy Data),11,3/17/21,
3760,Euplatypus Project (Dummy Data),11,6/18/22,"M1_21378, Andre mycangia"
3761,Euplatypus Project (Dummy Data),11,6/18/22,"M1_21380, Andre mycangia"
3762,Euplatypus Project (Dummy Data),11,6/18/22,"M1_21390, Andre mycangia"
3763,Euplatypus Project (Dummy Data),11,6/18/22,"M1_21384, Andre mycangia"
3764,Euplatypus Project (Dummy Data),11,6/18/22,"M1_21396, Andre mycangia"
3765,Euplatypus Project (Dummy Data),11,6/18/22,"M1_21392, Andre mycangia"
3766,Euplatypus Project (Dummy Data),11,6/18/22,"M3_21404, Andre mycangia"
3767,Euplatypus Project (Dummy Data),11,6/18/22,"M1_21402, Andre mycangia"
3768,Euplatypus Project (Dummy Data),11,6/18/22,"M2_21452, Andre mycangia"
3769,Euplatypus Project (Dummy Data),11,6/18/22,"M3_21452, Andre mycangia"
3770,Euplatypus Project (Dummy Data),11,6/18/22,"M2_21458, Andre mycangia"
3771,Euplatypus Project (Dummy Data),11,6/18/22,"M1_21450, Andre mycangia"
3772,Euplatypus Project (Dummy Data),11,6/18/22,"M6_21390, Andre mycangia"
3773,Euplatypus Project (Dummy Data),11,6/18/22,"M5_21392, Andre mycangia"
3774,Euplatypus Project (Dummy Data),11,6/18/22,"M5_21386, Andre mycangia"
3775,Euplatypus Project (Dummy Data),11,6/18/22,"M5_21390, Andre mycangia"
3776,Euplatypus Project (Dummy Data),11,6/18/22,"M1_21428, Andre mycangia"
3777,Euplatypus Project (Dummy Data),11,6/18/22,"M1_21432, Andre mycangia"
3778,Euplatypus Project (Dummy Data),11,6/18/22,"M1_21420, Andre mycangia"
3779,Euplatypus Project (Dummy Data),11,6/18/22,"M1_21426, Andre mycangia"
3780,Euplatypus Project (Dummy Data),11,6/18/22,"M2_21396, Andre mycangia"
3781,Euplatypus Project (Dummy Data),11,6/18/22,"M2_21398, Andre mycangia"
3782,Euplatypus Project (Dummy Data),11,6/18/22,"M3_21402, Andre mycangia"
3783,Euplatypus Project (Dummy Data),11,6/18/22,"M3_21404, Andre mycangia"
3784,Euplatypus Project (Dummy Data),11,6/18/22,"M3_21426, Andre mycangia"
3785,Euplatypus Project (Dummy Data),11,6/18/22,"M4_21426, Andre mycangia"
3786,Euplatypus Project (Dummy Data),11,6/18/22,"M3_21420, Andre mycangia"
3787,Euplatypus Project (Dummy Data),11,6/18/22,"M4_21420, Andre mycangia"
3788,Euplatypus Project (Dummy Data),11,6/18/22,"M3_21408, Andre mycangia"
3789,Euplatypus Project (Dummy Data),11,6/18/22,"M3_21414, Andre mycangia"
3790,Euplatypus Project (Dummy Data),11,6/18/22,"M3_21416, Andre mycangia"
3791,Euplatypus Project (Dummy Data),11,6/18/22,"M4_21404, Andre mycangia"
3792,Euplatypus Project (Dummy Data),11,6/18/22,"M1_21494, Andre mycangia"
3793,Euplatypus Project (Dummy Data),11,6/18/22,"M2_21494, Andre mycangia"
3794,Euplatypus Project (Dummy Data),11,6/18/22,"M1_21488, Andre mycangia"
3795,Euplatypus Project (Dummy Data),11,6/18/22,"M2_21488, Andre mycangia"
3796,Euplatypus Project (Dummy Data),11,6/18/22,"M2_21440, Andre mycangia"
3797,Euplatypus Project (Dummy Data),11,6/18/22,"M3_21380, Andre mycangia"
3798,Euplatypus Project (Dummy Data),11,6/18/22,"M3_21378, Andre mycangia"
3799,Euplatypus Project (Dummy Data),11,6/18/22,"M1_21480, Andre mycangia"
3800,Euplatypus Project (Dummy Data),11,6/18/22,"M1_21486, Andre mycangia"
3801,Euplatypus Project (Dummy Data),11,6/18/22,"M1_21482, Andre mycangia"
3802,Euplatypus Project (Dummy Data),11,6/18/22,"M2_21482, Andre mycangia"
3803,Euplatypus Project (Dummy Data),11,6/18/22,"M3_21436, Andre mycangia"
3804,Euplatypus Project (Dummy Data),11,6/18/22,"M2_21446, Andre mycangia"
3805,Euplatypus Project (Dummy Data),11,6/18/22,"M1_21444, Andre mycangia"
3806,Euplatypus Project (Dummy Data),11,6/18/22,"M1_21446, Andre mycangia"
3807,Euplatypus Project (Dummy Data),11,6/18/22,"M2_21376, Andre mycangia"
3808,Euplatypus Project (Dummy Data),11,6/18/22,"M2_21383, Andre mycangia"
3809,Euplatypus Project (Dummy Data),11,6/18/22,"M2_21389, Andre mycangia"
3810,Euplatypus Project (Dummy Data),11,6/18/22,"M3_21389, Andre mycangia"
3811,Euplatypus Project (Dummy Data),11,6/18/22,"M1_21408, Andre mycangia"
3812,Euplatypus Project (Dummy Data),11,6/18/22,"M4_21410, Andre mycangia"
3813,Euplatypus Project (Dummy Data),11,6/18/22,"M1_21414, Andre mycangia"
3814,Euplatypus Project (Dummy Data),11,6/18/22,"M1_21416, Andre mycangia"
3815,Euplatypus Project (Dummy Data),11,6/18/22,"M6_21431, Andre mycangia"
3816,Euplatypus Project (Dummy Data),11,6/18/22,"M4_21386, Andre mycangia"
3817,Euplatypus Project (Dummy Data),11,6/18/22,"M4_21380, Andre mycangia"
3818,Euplatypus Project (Dummy Data),11,6/18/22,"M4_21384, Andre mycangia"
3819,Euplatypus Project (Dummy Data),11,6/18/22,"M7_21401, Andre mycangia"
3820,Euplatypus Project (Dummy Data),11,6/18/22,"M3_21376, Andre mycangia"
3821,Euplatypus Project (Dummy Data),11,6/18/22,"M6_21376, Andre mycangia"
3822,Euplatypus Project (Dummy Data),11,6/18/22,"M8_21389, Andre mycangia"
3823,Euplatypus Project (Dummy Data),11,6/18/22,"M2_21431, Andre mycangia"
3824,Euplatypus Project (Dummy Data),11,6/18/22,"M1_21438, Andre mycangia"
3825,Euplatypus Project (Dummy Data),11,6/18/22,"M2_21438, Andre mycangia"
3826,Euplatypus Project (Dummy Data),11,6/18/22,"M2_21425, Andre mycangia"
3827,Euplatypus Project (Dummy Data),11,6/18/22,"M3_21428, Andre mycangia"
3828,Euplatypus Project (Dummy Data),11,6/18/22,"M3_21432, Andre mycangia"
3829,Euplatypus Project (Dummy Data),11,6/18/22,"M2_21407, Andre mycangia"
3830,Euplatypus Project (Dummy Data),11,6/18/22,"M2_21413, Andre mycangia"
3831,Euplatypus Project (Dummy Data),11,6/18/22,"M2_21419, Andre mycangia"
3832,Euplatypus Project (Dummy Data),11,6/18/22,"M2_21401, Andre mycangia"
3833,Euplatypus Project (Dummy Data),11,6/18/22,"M5_21384, Andre mycangia"
3834,Euplatypus Project (Dummy Data),11,6/18/22,"M3_21384, Andre mycangia"
3835,Euplatypus Project (Dummy Data),11,6/18/22,"M4_21432, Andre mycangia"
3836,Euplatypus Project (Dummy Data),11,6/18/22,"M3_21386, Andre mycangia"
3837,Euplatypus Project (Dummy Data),11,6/18/22,"M4_21390, Andre mycangia"
3838,Euplatypus Project (Dummy Data),11,6/18/22,"M6_21404, Andre mycangia"
3839,Euplatypus Project (Dummy Data),11,6/18/22,"M5_21402, Andre mycangia"
3840,Euplatypus Project (Dummy Data),11,6/18/22,"M3_21398, Andre mycangia"
3841,Euplatypus Project (Dummy Data),11,6/18/22,"M1_21404, Andre mycangia"
3842,Euplatypus Project (Dummy Data),11,6/18/22,"M6_21384, Andre mycangia"
3843,Euplatypus Project (Dummy Data),11,6/18/22,"M7_21390, Andre mycangia"
3844,Euplatypus Project (Dummy Data),11,6/18/22,"M5_21378, Andre mycangia"
3845,Euplatypus Project (Dummy Data),11,6/18/22,"M1_21386, Andre mycangia"
3846,Euplatypus Project (Dummy Data),11,6/18/22,"M3_21482, Andre mycangia"
3847,Euplatypus Project (Dummy Data),11,6/18/22,"M4_21446, Andre mycangia"
3848,Euplatypus Project (Dummy Data),11,6/18/22,"M3_21470, Andre mycangia"
3849,Euplatypus Project (Dummy Data),11,6/18/22,"M4_21476, Andre mycangia"
3850,Euplatypus Project (Dummy Data),11,6/18/22,"M1_21476, Andre mycangia"
3851,Euplatypus Project (Dummy Data),11,6/18/22,"M2_21470, Andre mycangia"
3852,Euplatypus Project (Dummy Data),11,6/18/22,"M1_21470, Andre mycangia"
3853,Euplatypus Project (Dummy Data),11,6/18/22,"M2_21476, Andre mycangia"
3854,Euplatypus Project (Dummy Data),11,6/18/22,"M4_21486, Andre mycangia"
3855,Euplatypus Project (Dummy Data),11,6/18/22,"M6_21488, Andre mycangia"
3856,Euplatypus Project (Dummy Data),11,6/18/22,"M3_21446, Andre mycangia"
3857,Euplatypus Project (Dummy Data),11,6/18/22,"M5_21486, Andre mycangia"
3858,Euplatypus Project (Dummy Data),11,6/18/22,"M5_21434, Andre mycangia"
3859,Euplatypus Project (Dummy Data),11,6/18/22,"M6_21380, Andre mycangia"
3860,Euplatypus Project (Dummy Data),11,6/18/22,"M4_21434, Andre mycangia"
3861,Euplatypus Project (Dummy Data),11,6/18/22,"M4_21482, Andre mycangia"
3862,Euplatypus Project (Dummy Data),11,6/18/22,"M4_21416, Andre mycangia"
3863,Euplatypus Project (Dummy Data),11,6/18/22,"M3_21494, Andre mycangia"
3864,Euplatypus Project (Dummy Data),11,6/18/22,"M3_21476, Andre mycangia"
3865,Euplatypus Project (Dummy Data),11,6/18/22,"M3_21488, Andre mycangia"
3866,Euplatypus Project (Dummy Data),11,6/18/22,"M1_21456, Andre mycangia"
3867,Euplatypus Project (Dummy Data),11,6/18/22,"M1_21458, Andre mycangia"
3868,Euplatypus Project (Dummy Data),11,6/18/22,"M1_21464, Andre mycangia"
3869,Euplatypus Project (Dummy Data),11,6/18/22,"M1_21462, Andre mycangia"
3870,Euplatypus Project (Dummy Data),11,6/18/22,"M5_21426, Andre mycangia"
3871,Euplatypus Project (Dummy Data),11,6/18/22,"M3_21434, Andre mycangia"
3872,Euplatypus Project (Dummy Data),11,6/18/22,"M1_21410, Andre mycangia"
3873,Euplatypus Project (Dummy Data),11,6/18/22,"M4_21408, Andre mycangia"
3874,Euplatypus Project (Dummy Data),11,10/20/21,
3875,Euplatypus Project (Dummy Data),11,10/12/21,"M3 #29, Andre mycangia, from beetle record #37109"
3876,Euplatypus Project (Dummy Data),11,10/12/21,"M4 #29, Andre mycangia, from beetle record #37109"
3877,Euplatypus Project (Dummy Data),11,10/12/21,"M3 #26, Andre mycangia, from beetle record #37109"
3878,Euplatypus Project (Dummy Data),11,10/12/21,"M1 #40, Andre mycangia, from beetle record #37111"
3879,Euplatypus Project (Dummy Data),11,10/12/21,"M3 #4, Andre mycangia, from beetle record #37105"
3880,Euplatypus Project (Dummy Data),11,10/12/21,"M3 #5, Andre mycangia, from beetle record #37105"
3881,Euplatypus Project (Dummy Data),11,10/12/21,"M1 #2 (WA), Andre mycangia, from beetle record #37099"
3882,Euplatypus Project (Dummy Data),11,10/12/21,"M2 #40, Andre mycangia, from beetle record #37111"
3883,Euplatypus Project (Dummy Data),11,10/12/21,"M1 #5 (WA), Andre mycangia, from beetle record #37099"
3884,Euplatypus Project (Dummy Data),11,10/12/21,"M1 #22, Andre mycangia, from beetle record #37108"
3885,Euplatypus Project (Dummy Data),11,10/12/21,"M1 #7 (WA), Andre mycangia, from beetle record #37100"
3886,Euplatypus Project (Dummy Data),11,10/12/21,"M1 #2, Andre mycangia, from beetle record #37105"
3887,Euplatypus Project (Dummy Data),11,10/12/21,"M5 #2, Andre mycangia, from beetle record #37105"
3888,Euplatypus Project (Dummy Data),11,10/12/21,"M4 #28 (WA), Andre mycangia, from beetle record #37103"
3889,Euplatypus Project (Dummy Data),11,10/12/21,"M2 #25 (WA), Andre mycangia, from beetle record #37103"
3890,Euplatypus Project (Dummy Data),11,10/12/21,"M1 #28 (WA), Andre mycangia, from beetle record #37103"
3891,Euplatypus Project (Dummy Data),11,10/13/21,"M2 #28, Andre mycangia, from beetle record #37109"
3892,Euplatypus Project (Dummy Data),11,10/13/21,"M1 #1 (WA), Andre mycangia, from beetle record #37099"
3893,Euplatypus Project (Dummy Data),11,10/13/21,"M5 #1 (WA), Andre mycangia, from beetle record #37099"
3894,Euplatypus Project (Dummy Data),11,10/13/21,"M1 #16 (WA), Andre mycangia, from beetle record #37101"
3895,Euplatypus Project (Dummy Data),11,10/13/21,"M1 #19, Andre mycangia, from beetle record #37108"
3896,Euplatypus Project (Dummy Data),11,10/13/21,"M2 #19, Andre mycangia, from beetle record #37108"
3897,Euplatypus Project (Dummy Data),11,10/13/21,"M4 #10, Andre mycangia, from beetle record #37106"
3898,Euplatypus Project (Dummy Data),11,10/13/21,"M2 #4, Andre mycangia, from beetle record #37105"
3899,Euplatypus Project (Dummy Data),11,10/13/21,"M1 #24 (WA), Andre mycangia, from beetle record #37102"
3900,Euplatypus Project (Dummy Data),11,10/13/21,"M4 #30 (WA), Andre mycangia, from beetle record #37103"
3901,Euplatypus Project (Dummy Data),11,10/13/21,"M1 #14 (WA), Andre mycangia, from beetle record #37101"
3902,Euplatypus Project (Dummy Data),11,10/13/21,"M1 #22, Andre mycangia, from beetle record #37108"
3903,Euplatypus Project (Dummy Data),11,10/13/21,"M1 #34, Andre mycangia, from beetle record #37110"
3904,Euplatypus Project (Dummy Data),11,10/13/21,"M1 #22, Andre mycangia, from beetle record #37108"
3905,Euplatypus Project (Dummy Data),11,10/13/21,"M1 #28, Andre mycangia, from beetle record #37109"
3906,Euplatypus Project (Dummy Data),11,10/13/21,"M1 #16, Andre mycangia, from beetle record #37107"
3907,Euplatypus Project (Dummy Data),11,10/13/21,"M1 #23, Andre mycangia, from beetle record #37108"
3908,Euplatypus Project (Dummy Data),11,10/14/21,
3909,Euplatypus Project (Dummy Data),11,10/14/21,
3910,Euplatypus Project (Dummy Data),11,10/14/21,
3911,Euplatypus Project (Dummy Data),11,10/14/21,
3912,Euplatypus Project (Dummy Data),11,10/14/21,
3913,Euplatypus Project (Dummy Data),11,10/14/21,
3914,Euplatypus Project (Dummy Data),11,10/14/21,
3991,Euplatypus Project (Dummy Data),11,10/14/21,"M1 #10, Andre mycangia, from beetle record #37106"
3992,Euplatypus Project (Dummy Data),11,10/14/21,"M2 #16, Andre mycangia, from beetle record #37107"
3993,Euplatypus Project (Dummy Data),11,10/14/21,"M3 #40, Andre mycangia, from beetle record #37111"
3994,Euplatypus Project (Dummy Data),11,10/14/21,"M1 #4 (WA), Andre mycangia, from beetle record #37105"
3995,Euplatypus Project (Dummy Data),11,10/14/21,"M2 #23, Andre mycangia, from beetle record #37108"
3996,Euplatypus Project (Dummy Data),11,10/14/21,"M2 #1 (WA), Andre mycangia, from beetle record #37099"
3997,Euplatypus Project (Dummy Data),11,10/20/21,"M5 #11, Andre mycangia, from beetle record #37106"
3998,Euplatypus Project (Dummy Data),11,10/20/21,"M8 #1, Andre mycangia, from beetle record #37105"
3999,Euplatypus Project (Dummy Data),11,10/20/21,"M3 #8 (WA), Andre mycangia, from beetle record #37100"
4000,Euplatypus Project (Dummy Data),11,10/20/21,"M5 #25, Andre mycangia, from beetle record #37109"
4001,Euplatypus Project (Dummy Data),11,10/20/21,"M3 #13, Andre mycangia, from beetle record #37107"
4002,Euplatypus Project (Dummy Data),11,10/20/21,"M3 #34, Andre mycangia, from beetle record #37110"
4003,Euplatypus Project (Dummy Data),11,10/20/21,"M2 #34, Andre mycangia, from beetle record #37110"
4004,Euplatypus Project (Dummy Data),11,10/20/21,"M4 #34, Andre mycangia, from beetle record #37110"
4005,Euplatypus Project (Dummy Data),11,10/20/21,"M4 #25, Andre mycangia, from beetle record #37109"
4006,Euplatypus Project (Dummy Data),11,10/20/21,"M1 #25, Andre mycangia, from beetle record #37109"
4007,Euplatypus Project (Dummy Data),11,10/20/21,"M4 #8 (WA), Andre mycangia, from beetle record #37100"
4008,Euplatypus Project (Dummy Data),11,10/20/21,"M2 #10, Andre mycangia, from beetle record #37106"
4009,Euplatypus Project (Dummy Data),11,10/20/21,"M1 #16, Andre mycangia, from beetle record #37107"
4010,Euplatypus Project (Dummy Data),11,10/20/21,"M6 #34 (WA), Andre mycangia, from beetle record #37104"
4011,Euplatypus Project (Dummy Data),11,10/20/21,"M1 #10 (WA), Andre mycangia, from beetle record #37100"
4012,Euplatypus Project (Dummy Data),11,10/20/21,"M1 #37, Andre mycangia, from beetle record #37111"
4013,Euplatypus Project (Dummy Data),11,10/20/21,"M1 #29, Andre mycangia, from beetle record #37109"
4014,Euplatypus Project (Dummy Data),11,10/20/21,"M1 #11 (WA), Andre mycangia, from beetle record #37100"
4015,Euplatypus Project (Dummy Data),11,10/20/21,"M2 #13, Andre mycangia, from beetle record #37107"
4016,Euplatypus Project (Dummy Data),11,10/20/21,"M1 #13, Andre mycangia, from beetle record #37107"
4017,Euplatypus Project (Dummy Data),11,3/23/22,"Yeast culture from E. compositus gut (dissected gut), Andre mycangia, from beetle record #37522 "
4018,Euplatypus Project (Dummy Data),11,3/23/22,"Yeast culture from E. compositus gut (dissected gut), Andre mycangia, from beetle record #37523"
4019,Euplatypus Project (Dummy Data),11,3/23/22,"Yeast culture from E. compositus gut (dissected gut), Andre mycangia, from beetle record #37523"
4020,Euplatypus Project (Dummy Data),11,3/23/22,"Copy of 18346; Yeast culture from E. compositus gut (dissected gut), Andre mycangia, from beetle record #37522"
4021,Euplatypus Project (Dummy Data),11,3/23/22,"Copy of 18347; Yeast culture from E. compositus gut (dissected gut), Andre mycangia, from beetle record #37523"
4022,Euplatypus Project (Dummy Data),11,3/23/22,"Copy of 18348; Yeast culture from E. compositus gut (dissected gut), Andre mycangia, from beetle record #37523"
4023,Euplatypus Project (Dummy Data),11,3/28/22,Copy of 17986
4024,Euplatypus Project (Dummy Data),11,7/11/22,"M1_21378, Andre mycangia, from beetle record #37754"
4025,Euplatypus Project (Dummy Data),11,7/11/22,"M1_21380, Andre mycangia, from beetle record #37754"
4026,Euplatypus Project (Dummy Data),11,7/11/22,"M1_21390, Andre mycangia, from beetle record #37756"
4027,Euplatypus Project (Dummy Data),11,7/11/22,"M1_21384, Andre mycangia, from beetle record #37755"
4028,Euplatypus Project (Dummy Data),11,7/11/22,"M1_21396, Andre mycangia, from beetle record #37757"
4029,Euplatypus Project (Dummy Data),11,7/11/22,"M1_21392, Andre mycangia, from beetle record #37756"
4030,Euplatypus Project (Dummy Data),11,7/11/22,"M3_21404, Andre mycangia, from beetle record #37758"
4031,Euplatypus Project (Dummy Data),11,7/11/22,"M1_21402, Andre mycangia, from beetle record #37758"
4032,Euplatypus Project (Dummy Data),11,7/11/22,"M2_21452, Andre mycangia, from beetle record #37766"
4033,Euplatypus Project (Dummy Data),11,7/11/22,"M3_21452, Andre mycangia, from beetle record #37766"
4034,Euplatypus Project (Dummy Data),11,7/11/22,"M2_21458, Andre mycangia, from beetle record #37768"
4035,Euplatypus Project (Dummy Data),11,7/11/22,"M1_21450, Andre mycangia, from beetle record #37766"
4036,Euplatypus Project (Dummy Data),11,7/11/22,"M6_21390, Andre mycangia, from beetle record #37756"
4037,Euplatypus Project (Dummy Data),11,7/11/22,"M5_21392, Andre mycangia, from beetle record #37756"
4038,Euplatypus Project (Dummy Data),11,7/11/22,"M5_21386, Andre mycangia, from beetle record #37755"
4039,Euplatypus Project (Dummy Data),11,7/11/22,"M5_21390, Andre mycangia, from beetle record #37756"
4040,Euplatypus Project (Dummy Data),11,7/11/22,"M1_21428, Andre mycangia, from beetle record #37762"
4041,Euplatypus Project (Dummy Data),11,7/11/22,"M1_21432, Andre mycangia, from beetle record #37763"
4042,Euplatypus Project (Dummy Data),11,7/11/22,"M1_21420, Andre mycangia, from beetle record #37761"
4043,Euplatypus Project (Dummy Data),11,7/11/22,"M1_21426, Andre mycangia, from beetle record #37762"
4044,Euplatypus Project (Dummy Data),11,7/11/22,"M2_21396, Andre mycangia, from beetle record #37757"
4045,Euplatypus Project (Dummy Data),11,7/11/22,"M2_21398, Andre mycangia, from beetle record #37757"
4046,Euplatypus Project (Dummy Data),11,7/11/22,"M3_21402, Andre mycangia, from beetle record #37758"
4047,Euplatypus Project (Dummy Data),11,7/11/22,"M3_21404, Andre mycangia, from beetle record #37758"
4048,Euplatypus Project (Dummy Data),11,7/11/22,"M3_21426, Andre mycangia, from beetle record #37762"
4049,Euplatypus Project (Dummy Data),11,7/11/22,"M4_21426, Andre mycangia, from beetle record #37762"
4050,Euplatypus Project (Dummy Data),11,7/11/22,"M3_21420, Andre mycangia, from beetle record #37761"
4051,Euplatypus Project (Dummy Data),11,7/11/22,"M4_21420, Andre mycangia, from beetle record #37761"
4052,Euplatypus Project (Dummy Data),11,7/11/22,"M3_21408, Andre mycangia, from beetle record #37759"
4053,Euplatypus Project (Dummy Data),11,7/11/22,"M3_21414, Andre mycangia, from beetle record #37760"
4054,Euplatypus Project (Dummy Data),11,7/11/22,"M3_21416, Andre mycangia, from beetle record #37760"
4055,Euplatypus Project (Dummy Data),11,7/11/22,"M4_21404, Andre mycangia, from beetle record #37758"
4056,Euplatypus Project (Dummy Data),11,7/11/22,"M1_21494, Andre mycangia, from beetle record #37774"
4057,Euplatypus Project (Dummy Data),11,7/11/22,"M2_21494, Andre mycangia, from beetle record #37774"
4058,Euplatypus Project (Dummy Data),11,7/11/22,"M1_21488, Andre mycangia, from beetle record #37773"
4059,Euplatypus Project (Dummy Data),11,7/11/22,"M2_21488, Andre mycangia, from beetle record #37773"
4060,Euplatypus Project (Dummy Data),11,7/11/22,"M2_21440, Andre mycangia, from beetle record #37764"
4061,Euplatypus Project (Dummy Data),11,7/11/22,"M3_21380, Andre mycangia, from beetle record #37754"
4062,Euplatypus Project (Dummy Data),11,7/11/22,"M3_21378, Andre mycangia, from beetle record #37754"
4063,Euplatypus Project (Dummy Data),11,7/11/22,"M1_21480, Andre mycangia, from beetle record #37772"
4064,Euplatypus Project (Dummy Data),11,7/11/22,"M1_21486, Andre mycangia, from beetle record #37773"
4065,Euplatypus Project (Dummy Data),11,7/11/22,"M1_21482, Andre mycangia, from beetle record #37772"
4066,Euplatypus Project (Dummy Data),11,7/11/22,"M2_21482, Andre mycangia, from beetle record #37772"
4067,Euplatypus Project (Dummy Data),11,7/11/22,"M3_21436, Andre mycangia, from beetle record #37764"
4068,Euplatypus Project (Dummy Data),11,7/11/22,"M2_21446, Andre mycangia, from beetle record #37765"
4069,Euplatypus Project (Dummy Data),11,7/11/22,"M1_21444, Andre mycangia, from beetle record #37765"
4070,Euplatypus Project (Dummy Data),11,7/11/22,"M1_21446, Andre mycangia, from beetle record #37765"
4071,Euplatypus Project (Dummy Data),11,7/11/22,"M2_21376, Andre mycangia, from beetle record #37754"
4072,Euplatypus Project (Dummy Data),11,7/11/22,"M2_21383, Andre mycangia, from beetle record #37755"
4073,Euplatypus Project (Dummy Data),11,7/11/22,"M2_21389, Andre mycangia, from beetle record #37756"
4074,Euplatypus Project (Dummy Data),11,7/11/22,"M3_21389, Andre mycangia, from beetle record #37756"
4075,Euplatypus Project (Dummy Data),11,7/11/22,"M1_21408, Andre mycangia, from beetle record #37759"
4076,Euplatypus Project (Dummy Data),11,7/11/22,"M4_21410, Andre mycangia, from beetle record #37759"
4077,Euplatypus Project (Dummy Data),11,7/11/22,"M1_21414, Andre mycangia, from beetle record #37760"
4078,Euplatypus Project (Dummy Data),11,7/11/22,"M1_21416, Andre mycangia, from beetle record #37760"
4079,Euplatypus Project (Dummy Data),11,7/11/22,"M6_21431, Andre mycangia, from beetle record #37763"
4080,Euplatypus Project (Dummy Data),11,7/11/22,"M4_21386, Andre mycangia, from beetle record #37755"
4081,Euplatypus Project (Dummy Data),11,7/11/22,"M4_21380, Andre mycangia, from beetle record #37754"
4082,Euplatypus Project (Dummy Data),11,7/11/22,"M4_21384, Andre mycangia, from beetle record #37755"
4083,Euplatypus Project (Dummy Data),11,7/11/22,"M7_21401, Andre mycangia, from beetle record #37758"
4084,Euplatypus Project (Dummy Data),11,7/11/22,"M3_21376, Andre mycangia, from beetle record #37754"
4085,Euplatypus Project (Dummy Data),11,7/11/22,"M6_21376, Andre mycangia, from beetle record #37754"
4086,Euplatypus Project (Dummy Data),11,7/11/22,"M8_21389, Andre mycangia, from beetle record #37756"
4087,Euplatypus Project (Dummy Data),11,7/11/22,"M2_21431, Andre mycangia, from beetle record #37763"
4088,Euplatypus Project (Dummy Data),11,7/11/22,"M1_21438, Andre mycangia, from beetle record #37764"
4089,Euplatypus Project (Dummy Data),11,7/11/22,"M2_21438, Andre mycangia, from beetle record #37764"
4090,Euplatypus Project (Dummy Data),11,7/11/22,"M2_21425, Andre mycangia, from beetle record #37762"
4091,Euplatypus Project (Dummy Data),11,7/11/22,"M3_21428, Andre mycangia, from beetle record #37762"
4092,Euplatypus Project (Dummy Data),11,7/11/22,"M3_21432, Andre mycangia, from beetle record #37763"
4093,Euplatypus Project (Dummy Data),11,7/11/22,"M2_21407, Andre mycangia, from beetle record #37759"
4094,Euplatypus Project (Dummy Data),11,7/11/22,"M2_21413, Andre mycangia, from beetle record #37760"
4095,Euplatypus Project (Dummy Data),11,7/11/22,"M2_21419, Andre mycangia, from beetle record #37761"
4096,Euplatypus Project (Dummy Data),11,7/11/22,"M2_21401, Andre mycangia, from beetle record #37758"
4097,Euplatypus Project (Dummy Data),11,7/11/22,"M5_21384, Andre mycangia, from beetle record #37755"
4098,Euplatypus Project (Dummy Data),11,7/11/22,"M3_21384, Andre mycangia, from beetle record #37755"
4099,Euplatypus Project (Dummy Data),11,7/11/22,"M4_21432, Andre mycangia, from beetle record #37763"
4100,Euplatypus Project (Dummy Data),11,7/11/22,"M3_21386, Andre mycangia, from beetle record #37755"
4101,Euplatypus Project (Dummy Data),11,7/11/22,"M4_21390, Andre mycangia, from beetle record #37756"
4102,Euplatypus Project (Dummy Data),11,7/11/22,"M6_21404, Andre mycangia, from beetle record #37758"
4103,Euplatypus Project (Dummy Data),11,7/11/22,"M5_21402, Andre mycangia, from beetle record #37758"
4104,Euplatypus Project (Dummy Data),11,7/11/22,"M3_21398, Andre mycangia, from beetle record #37757"
4105,Euplatypus Project (Dummy Data),11,7/11/22,"M1_21404, Andre mycangia, from beetle record #37758"
4106,Euplatypus Project (Dummy Data),11,7/11/22,"M6_21384, Andre mycangia, from beetle record #37755"
4107,Euplatypus Project (Dummy Data),11,7/11/22,"M7_21390, Andre mycangia, from beetle record #37756"
4108,Euplatypus Project (Dummy Data),11,7/11/22,"M5_21378, Andre mycangia, from beetle record #37754"
4109,Euplatypus Project (Dummy Data),11,7/11/22,"M1_21386, Andre mycangia, from beetle record #37755"
4110,Euplatypus Project (Dummy Data),11,7/11/22,"M3_21482, Andre mycangia, from beetle record #37772"
4111,Euplatypus Project (Dummy Data),11,7/11/22,"M4_21446, Andre mycangia, from beetle record #37765"
4112,Euplatypus Project (Dummy Data),11,7/11/22,"M3_21470, Andre mycangia, from beetle record #37770"
4113,Euplatypus Project (Dummy Data),11,7/11/22,"M4_21476, Andre mycangia, from beetle record #37771"
8227,Euplatypus Project (Dummy Data),11,7/1/22,"M4_21408, Andre mycangia; same as slantVial 18466"
8228,Euplatypus Project (Dummy Data),11,7/1/22,"M1_21410, Andre mycangia; same as slantVial 18465"
8229,Euplatypus Project (Dummy Data),11,7/1/22,"M3_21434, Andre mycangia; same as slantVial 18464"
8230,Euplatypus Project (Dummy Data),11,7/1/22,"M5_21426, Andre mycangia; same as slantVial 18463"
8231,Euplatypus Project (Dummy Data),11,7/1/22,"M1_21462, Andre mycangia; same as slantVial 18462"
8232,Euplatypus Project (Dummy Data),11,7/1/22,"M1_21464, Andre mycangia; same as slantVial 18461"
8233,Euplatypus Project (Dummy Data),11,7/1/22,"M1_21458, Andre mycangia; same as slantVial 18460"
8234,Euplatypus Project (Dummy Data),11,7/1/22,"M1_21456, Andre mycangia; same as slantVial 18459"
8235,Euplatypus Project (Dummy Data),11,6/29/22,"M3_21488, Andre mycangia; same as slantVial 18458"
8236,Euplatypus Project (Dummy Data),11,6/29/22,"M3_21476, Andre mycangia; same as slantVial 18457"
8237,Euplatypus Project (Dummy Data),11,6/29/22,"M3_21494, Andre mycangia; same as slantVial 18456"
8238,Euplatypus Project (Dummy Data),11,6/29/22,"M4_21416, Andre mycangia; same as slantVial 18455"
8239,Euplatypus Project (Dummy Data),11,6/29/22,"M4_21482, Andre mycangia; same as slantVial 18454"
8240,Euplatypus Project (Dummy Data),11,6/29/22,"M4_21434, Andre mycangia; same as slantVial 18453"
8241,Euplatypus Project (Dummy Data),11,6/29/22,"M6_21380, Andre mycangia; same as slantVial 18452"
8242,Euplatypus Project (Dummy Data),11,6/29/22,"M5_21434, Andre mycangia; same as slantVial 18451"
8243,Euplatypus Project (Dummy Data),11,6/29/22,"M5_21486, Andre mycangia; same as slantVial 18450"
8244,Euplatypus Project (Dummy Data),11,6/29/22,"M3_21446, Andre mycangia; same as slantVial 18449"
8245,Euplatypus Project (Dummy Data),11,6/29/22,"M6_21488, Andre mycangia; same as slantVial 18448"
8246,Euplatypus Project (Dummy Data),11,6/29/22,"M4_21486, Andre mycangia; same as slantVial 18447"
8247,Euplatypus Project (Dummy Data),11,6/29/22,"M2_21476, Andre mycangia; same as slantVial 18446"
8248,Euplatypus Project (Dummy Data),11,6/29/22,"M1_21470, Andre mycangia; same as slantVial 18445"
8249,Euplatypus Project (Dummy Data),11,6/29/22,"M2_21470, Andre mycangia; same as slantVial 18444"
8250,Euplatypus Project (Dummy Data),11,6/29/22,"M1_21476, Andre mycangia; same as slantVial 18443"
8251,Euplatypus Project (Dummy Data),11,6/29/22,"M4_21476, Andre mycangia; same as slantVial 18442"
8252,Euplatypus Project (Dummy Data),11,7/20/22,"Tried PCR direct from plate, so no physical DNA extraction sample; same as slantVial 18442"
8253,Euplatypus Project (Dummy Data),11,6/29/22,"M3_21470, Andre mycangia; same as slantVial 18441"
8254,Euplatypus Project (Dummy Data),11,6/29/22,"M4_21446, Andre mycangia; same as slantVial 18440"
8255,Euplatypus Project (Dummy Data),11,6/29/22,"M3_21482, Andre mycangia; same as slantVial 18439"
8256,Euplatypus Project (Dummy Data),11,7/20/22,"Tried PCR direct from plate, so no physical DNA extraction sample; same as slantVial 18439"
8257,Euplatypus Project (Dummy Data),11,6/29/22,"M1_21386, Andre mycangia; same as slantVial 18438"
8258,Euplatypus Project (Dummy Data),11,6/29/22,"M5_21378, Andre mycangia; same as slantVial 18437"
8259,Euplatypus Project (Dummy Data),11,6/29/22,"M7_21390, Andre mycangia; same as slantVial 18436"
8260,Euplatypus Project (Dummy Data),11,6/29/22,"M6_21384, Andre mycangia; same as slantVial 18435"
8261,Euplatypus Project (Dummy Data),11,6/29/22,"M1_21404, Andre mycangia; same as slantVial 18434"
8262,Euplatypus Project (Dummy Data),11,6/29/22,"M3_21398, Andre mycangia; same as slantVial 18433"
8263,Euplatypus Project (Dummy Data),11,6/29/22,"M5_21402, Andre mycangia; same as slantVial 18432"
8264,Euplatypus Project (Dummy Data),11,6/29/22,"M6_21404, Andre mycangia; same as slantVial 18431"
8265,Euplatypus Project (Dummy Data),11,6/28/22,"M4_21390, Andre mycangia; same as slantVial 18430"
8266,Euplatypus Project (Dummy Data),11,7/20/22,"Tried PCR direct from plate, so no physical DNA extraction sample; same as slantVial 18430"
8267,Euplatypus Project (Dummy Data),11,6/28/22,"M3_21386, Andre mycangia; same as slantVial 18429"
8268,Euplatypus Project (Dummy Data),11,7/20/22,"Tried PCR direct from plate, so no physical DNA extraction sample; same as slantVial 18429"
8269,Euplatypus Project (Dummy Data),11,6/28/22,"M4_21432, Andre mycangia; same as slantVial 18428"
8270,Euplatypus Project (Dummy Data),11,7/20/22,"Tried PCR direct from plate, so no physical DNA extraction sample; same as slantVial 18428"
8271,Euplatypus Project (Dummy Data),11,6/28/22,"M3_21384, Andre mycangia; same as slantVial 18427"
8272,Euplatypus Project (Dummy Data),11,7/20/22,"Tried PCR direct from plate, so no physical DNA extraction sample; same as slantVial 18427"
8273,Euplatypus Project (Dummy Data),11,6/28/22,"M5_21384, Andre mycangia; same as slantVial 18426"
8274,Euplatypus Project (Dummy Data),11,7/20/22,"Tried PCR direct from plate, so no physical DNA extraction sample; same as slantVial 18426"
8275,Euplatypus Project (Dummy Data),11,6/28/22,"M2_21401, Andre mycangia; same as slantVial 18425"
8276,Euplatypus Project (Dummy Data),11,6/28/22,"M2_21419, Andre mycangia; same as slantVial 18424"
8277,Euplatypus Project (Dummy Data),11,6/28/22,"M2_21413, Andre mycangia; same as slantVial 18423"
8278,Euplatypus Project (Dummy Data),11,6/28/22,"M2_21407, Andre mycangia; same as slantVial 18422"
8279,Euplatypus Project (Dummy Data),11,6/28/22,"M3_21432, Andre mycangia; same as slantVial 18421"
8280,Euplatypus Project (Dummy Data),11,6/28/22,"M3_21428, Andre mycangia; same as slantVial 18420"
8281,Euplatypus Project (Dummy Data),11,6/28/22,"M2_21425, Andre mycangia; same as slantVial 18419"
8282,Euplatypus Project (Dummy Data),11,6/28/22,"M2_21438, Andre mycangia; same as slantVial 18418"
8283,Euplatypus Project (Dummy Data),11,6/28/22,"M1_21438, Andre mycangia; same as slantVial 18417"
8284,Euplatypus Project (Dummy Data),11,6/28/22,"M2_21431, Andre mycangia; same as slantVial 18416"
8285,Euplatypus Project (Dummy Data),11,6/28/22,"M8_21389, Andre mycangia; same as slantVial 18415"
8286,Euplatypus Project (Dummy Data),11,6/28/22,"M6_21376, Andre mycangia; same as slantVial 18414"
8287,Euplatypus Project (Dummy Data),11,6/28/22,"M3_21376, Andre mycangia; same as slantVial 18413"
8288,Euplatypus Project (Dummy Data),11,6/28/22,"M7_21401, Andre mycangia; same as slantVial 18412"
8289,Euplatypus Project (Dummy Data),11,6/28/22,"M4_21384, Andre mycangia; same as slantVial 18411"
8290,Euplatypus Project (Dummy Data),11,6/28/22,"M4_21380, Andre mycangia; same as slantVial 18410"
8291,Euplatypus Project (Dummy Data),11,6/28/22,"M4_21386, Andre mycangia; same as slantVial 18409"
8292,Euplatypus Project (Dummy Data),11,6/28/22,"M6_21431, Andre mycangia; same as slantVial 18408"
8293,Euplatypus Project (Dummy Data),11,6/28/22,"M1_21416, Andre mycangia; same as slantVial 18407"
8294,Euplatypus Project (Dummy Data),11,6/28/22,"M1_21414, Andre mycangia; same as slantVial 18406"
8295,Euplatypus Project (Dummy Data),11,6/28/22,"M4_21410, Andre mycangia; same as slantVial 18405"
8296,Euplatypus Project (Dummy Data),11,6/28/22,"M1_21408, Andre mycangia; same as slantVial 18404"
8297,Euplatypus Project (Dummy Data),11,6/28/22,"M3_21389, Andre mycangia; same as slantVial 18403"
8298,Euplatypus Project (Dummy Data),11,6/28/22,"M2_21389, Andre mycangia; same as slantVial 18402"
8299,Euplatypus Project (Dummy Data),11,6/28/22,"M2_21383, Andre mycangia; same as slantVial 18401"
8300,Euplatypus Project (Dummy Data),11,6/28/22,"M2_21376, Andre mycangia; same as slantVial 18400"
8301,Euplatypus Project (Dummy Data),11,6/27/22,"M1_21446, Andre mycangia; same as slantVial 18399"
8302,Euplatypus Project (Dummy Data),11,6/27/22,"M1_21444, Andre mycangia; same as slantVial 18398"
8303,Euplatypus Project (Dummy Data),11,6/27/22,"M2_21446, Andre mycangia; same as slantVial 18397"
8304,Euplatypus Project (Dummy Data),11,6/27/22,"M3_21436, Andre mycangia; same as slantVial 18396"
8305,Euplatypus Project (Dummy Data),11,6/27/22,"M2_21482, Andre mycangia; same as slantVial 18395"
8306,Euplatypus Project (Dummy Data),11,6/27/22,"M1_21482, Andre mycangia; same as slantVial 18394"
8307,Euplatypus Project (Dummy Data),11,6/27/22,"M1_21486, Andre mycangia; same as slantVial 18393"
8308,Euplatypus Project (Dummy Data),11,6/27/22,"M1_21480, Andre mycangia; same as slantVial 18392"
8309,Euplatypus Project (Dummy Data),11,6/27/22,"M3_21378, Andre mycangia; same as slantVial 18391"
8310,Euplatypus Project (Dummy Data),11,6/27/22,"M3_21380, Andre mycangia; same as slantVial 18390"
8311,Euplatypus Project (Dummy Data),11,6/27/22,"M2_21440, Andre mycangia; same as slantVial 18389"
8312,Euplatypus Project (Dummy Data),11,6/27/22,"M2_21488, Andre mycangia; same as slantVial 18388"
8313,Euplatypus Project (Dummy Data),11,6/27/22,"M1_21488, Andre mycangia; same as slantVial 18387"
8314,Euplatypus Project (Dummy Data),11,6/27/22,"M2_21494, Andre mycangia; same as slantVial 18386"
8315,Euplatypus Project (Dummy Data),11,6/27/22,"M1_21494, Andre mycangia; same as slantVial 18385"
8316,Euplatypus Project (Dummy Data),11,6/27/22,"M4_21404, Andre mycangia; same as slantVial 18384"
8317,Euplatypus Project (Dummy Data),11,6/27/22,"M3_21416, Andre mycangia; same as slantVial 18383"
8318,Euplatypus Project (Dummy Data),11,6/27/22,"M3_21414, Andre mycangia; same as slantVial 18382"
8319,Euplatypus Project (Dummy Data),11,6/27/22,"M3_21408, Andre mycangia; same as slantVial 18381"
8320,Euplatypus Project (Dummy Data),11,6/27/22,"M4_21420, Andre mycangia; same as slantVial 18380"
8321,Euplatypus Project (Dummy Data),11,6/27/22,"M3_21420, Andre mycangia; same as slantVial 18379"
8322,Euplatypus Project (Dummy Data),11,6/27/22,"M4_21426, Andre mycangia; same as slantVial 18378"
8323,Euplatypus Project (Dummy Data),11,6/27/22,"M3_21426, Andre mycangia; same as slantVial 18377"
8324,Euplatypus Project (Dummy Data),11,6/27/22,"M3_21404, Andre mycangia; same as slantVial 18376"
8325,Euplatypus Project (Dummy Data),11,6/27/22,"M3_21402, Andre mycangia; same as slantVial 18375"
8326,Euplatypus Project (Dummy Data),11,6/27/22,"M2_21398, Andre mycangia; same as slantVial 18374"
8327,Euplatypus Project (Dummy Data),11,6/27/22,"M2_21396, Andre mycangia; same as slantVial 18373"
8328,Euplatypus Project (Dummy Data),11,6/27/22,"M1_21426, Andre mycangia; same as slantVial 18372"
8329,Euplatypus Project (Dummy Data),11,6/27/22,"M1_21420, Andre mycangia; same as slantVial 18371"
8330,Euplatypus Project (Dummy Data),11,6/27/22,"M1_21432, Andre mycangia; same as slantVial 18370"
8331,Euplatypus Project (Dummy Data),11,6/27/22,"M1_21428, Andre mycangia; same as slantVial 18369"
8332,Euplatypus Project (Dummy Data),11,6/27/22,"M5_21390, Andre mycangia; same as slantVial 18368"
8333,Euplatypus Project (Dummy Data),11,6/27/22,"M5_21386, Andre mycangia; same as slantVial 18367"
8334,Euplatypus Project (Dummy Data),11,6/27/22,"M5_21392, Andre mycangia; same as slantVial 18366"
8335,Euplatypus Project (Dummy Data),11,6/27/22,"M6_21390, Andre mycangia; same as slantVial 18365"
8336,Euplatypus Project (Dummy Data),11,6/27/22,"M1_21450, Andre mycangia; same as slantVial 18364"
8337,Euplatypus Project (Dummy Data),11,6/27/22,"M2_21458, Andre mycangia; same as slantVial 18363"
8338,Euplatypus Project (Dummy Data),11,6/27/22,"M3_21452, Andre mycangia; same as slantVial 18362"
8339,Euplatypus Project (Dummy Data),11,6/27/22,"M2_21452, Andre mycangia; same as slantVial 18361"
8340,Euplatypus Project (Dummy Data),11,6/24/22,"M1_21402, Andre mycangia; same as slantVial 18360"
8341,Euplatypus Project (Dummy Data),11,6/24/22,"M3_21404, Andre mycangia; same as slantVial 18359"
8342,Euplatypus Project (Dummy Data),11,6/24/22,"M1_21392, Andre mycangia; same as slantVial 18358"
8343,Euplatypus Project (Dummy Data),11,6/24/22,"M1_21396, Andre mycangia; same as slantVial 18357"
8344,Euplatypus Project (Dummy Data),11,6/24/22,"M1_21384, Andre mycangia; same as slantVial 18356"
8345,Euplatypus Project (Dummy Data),11,6/24/22,"M1_21390, Andre mycangia; same as slantVial 18355"
8346,Euplatypus Project (Dummy Data),11,6/24/22,"M1_21380, Andre mycangia; same as slantVial 18354"
8347,Euplatypus Project (Dummy Data),11,6/24/22,"M1_21378, Andre mycangia; same as slantVial 18353"
8348,Euplatypus Project (Dummy Data),11,3/21/22,"Yeast cultures from E. compositus gut (dissected gut), Andre mycangia; same as slantVial 18348"
8349,Euplatypus Project (Dummy Data),11,3/21/22,"Yeast cultures from E. compositus gut (dissected gut), Andre mycangia; same as slantVial 18348"
8350,Euplatypus Project (Dummy Data),11,2/9/22,"Yeast cultures from E. compositus gut (dissected gut), Andre mycangia; same as slantVial 18347"
8351,Euplatypus Project (Dummy Data),11,2/9/22,"Yeast cultures from E. compositus gut (dissected gut), Andre mycangia; same as slantVial 18347"
8352,Euplatypus Project (Dummy Data),11,2/9/22,"Yeast cultures from E. compositus gut (dissected gut), Andre mycangia; same as slantVial 18346"
8353,Euplatypus Project (Dummy Data),11,2/9/22,"Yeast cultures from E. compositus gut (dissected gut), Andre mycangia; same as slantVial 18346"
8354,Euplatypus Project (Dummy Data),11,10/20/21,"M1 #37, Andre mycangia; same as slantVial 18341"
8355,Euplatypus Project (Dummy Data),11,10/14/21,"M3 #40, Andre mycangia; same as slantVial 18322"
8356,Euplatypus Project (Dummy Data),11,10/12/21,"M2 #40, Andre mycangia; same as slantVial 18294"
8357,Euplatypus Project (Dummy Data),11,10/12/21,"M1 #40, Andre mycangia; same as slantVial 18290"
8358,Euplatypus Project (Dummy Data),11,10/20/21,"M4 #34, Andre mycangia; same as slantVial 18333"
8359,Euplatypus Project (Dummy Data),11,10/20/21,"M2 #34, Andre mycangia; same as slantVial 18332"
8360,Euplatypus Project (Dummy Data),11,11/15/21,"M2 #34, Andre mycangia; same as slantVial 18332"
8361,Euplatypus Project (Dummy Data),11,11/15/21,"M2 #34, Andre mycangia; same as slantVial 18332"
8362,Euplatypus Project (Dummy Data),11,10/20/21,"M3 #34, Andre mycangia; same as slantVial 18331"
8363,Euplatypus Project (Dummy Data),11,10/13/21,"M1 #34, Andre mycangia; same as slantVial 18315"
8364,Euplatypus Project (Dummy Data),11,10/20/21,"M1 #29, Andre mycangia; same as slantVial 18342"
8365,Euplatypus Project (Dummy Data),11,10/20/21,"M1 #25, Andre mycangia; same as slantVial 18335"
8366,Euplatypus Project (Dummy Data),11,10/20/21,"M4 #25, Andre mycangia; same as slantVial 18334"
8367,Euplatypus Project (Dummy Data),11,10/20/21,"M5 #25, Andre mycangia; same as slantVial 18329"
8368,Euplatypus Project (Dummy Data),11,10/13/21,"M1 #28, Andre mycangia; same as slantVial 18317"
8369,Euplatypus Project (Dummy Data),11,10/13/21,"M2 #28, Andre mycangia; same as slantVial 18303"
8370,Euplatypus Project (Dummy Data),11,10/12/21,"M3 #26, Andre mycangia; same as slantVial 18289"
8371,Euplatypus Project (Dummy Data),11,10/12/21,"M4 #29, Andre mycangia; same as slantVial 18288"
8372,Euplatypus Project (Dummy Data),11,10/26/21,"M4 #29, Andre mycangia; same as slantVial 18288"
8373,Euplatypus Project (Dummy Data),11,10/12/21,"M3 #29, Andre mycangia; same as slantVial 18287"
8374,Euplatypus Project (Dummy Data),11,10/14/21,"M2 #23, Andre mycangia; same as slantVial 18324"
8375,Euplatypus Project (Dummy Data),11,10/14/21,"M1 #23, Andre mycangia; same as slantVial 18319"
8376,Euplatypus Project (Dummy Data),11,10/13/21,"M1 #22, Andre mycangia; same as slantVial 18316"
8377,Euplatypus Project (Dummy Data),11,10/13/21,"M1 #22, Andre mycangia; same as slantVial 18314"
8378,Euplatypus Project (Dummy Data),11,10/13/21,"M2 #19, Andre mycangia; same as slantVial 18308"
8379,Euplatypus Project (Dummy Data),11,10/13/21,"M1 #19, Andre mycangia; same as slantVial 18307"
8380,Euplatypus Project (Dummy Data),11,10/12/21,"M1 #22, Andre mycangia; same as slantVial 18296"
8381,Euplatypus Project (Dummy Data),11,10/20/21,"M1 #13, Andre mycangia; same as slantVial 18345"
8382,Euplatypus Project (Dummy Data),11,10/20/21,"M2 #13, Andre mycangia; same as slantVial 18344"
8383,Euplatypus Project (Dummy Data),11,3/21/22,"M2 #13, Andre mycangia; same as slantVial 18344"
8384,Euplatypus Project (Dummy Data),11,3/21/22,"M2 #13, Andre mycangia; same as slantVial 18344"
8385,Euplatypus Project (Dummy Data),11,10/20/21,"M1 #16, Andre mycangia; same as slantVial 18338"
8386,Euplatypus Project (Dummy Data),11,10/20/21,"M3 #13, Andre mycangia; same as slantVial 18330"
8387,Euplatypus Project (Dummy Data),11,10/14/21,"M2 #16, Andre mycangia; same as slantVial 18321"
8388,Euplatypus Project (Dummy Data),11,10/13/21,"M1 #16, Andre mycangia; same as slantVial 18318"
8389,Euplatypus Project (Dummy Data),11,10/20/21,"M2 #10, Andre mycangia; same as slantVial 18337"
8390,Euplatypus Project (Dummy Data),11,10/26/21,"M2 #10, Andre mycangia; same as slantVial 18337"
8391,Euplatypus Project (Dummy Data),11,11/1/21,"M2 #10, Andre mycangia; same as slantVial 18337"
8392,Euplatypus Project (Dummy Data),11,11/15/21,"M2 #10, Andre mycangia; same as slantVial 18337"
8393,Euplatypus Project (Dummy Data),11,11/15/21,"M2 #10, Andre mycangia; same as slantVial 18337"
8394,Euplatypus Project (Dummy Data),11,10/20/21,"M5 #11, Andre mycangia; same as slantVial 18326"
8395,Euplatypus Project (Dummy Data),11,10/26/21,"M5 #11, Andre mycangia; same as slantVial 18326"
8396,Euplatypus Project (Dummy Data),11,11/15/21,"M5 #11, Andre mycangia; same as slantVial 18326"
8397,Euplatypus Project (Dummy Data),11,11/15/21,"M5 #11, Andre mycangia; same as slantVial 18326"
8398,Euplatypus Project (Dummy Data),11,10/14/21,"M1 #10, Andre mycangia; same as slantVial 18320"
8399,Euplatypus Project (Dummy Data),11,10/13/21,"M4 #10, Andre mycangia; same as slantVial 18309"
8400,Euplatypus Project (Dummy Data),11,10/20/21,"M8 #1, Andre mycangia; same as slantVial 18327"
8401,Euplatypus Project (Dummy Data),11,10/13/21,"M2 #4, Andre mycangia; same as slantVial 18310"
8402,Euplatypus Project (Dummy Data),11,10/12/21,"M5 #2, Andre mycangia; same as slantVial 18299"
8403,Euplatypus Project (Dummy Data),11,10/12/21,"M1 #2, Andre mycangia; same as slantVial 18298"
8404,Euplatypus Project (Dummy Data),11,10/12/21,"M3 #5, Andre mycangia; same as slantVial 18292"
8405,Euplatypus Project (Dummy Data),11,10/26/21,"M3 #5, Andre mycangia; same as slantVial 18292"
8406,Euplatypus Project (Dummy Data),11,11/1/21,"M3 #5, Andre mycangia; same as slantVial 18292"
8407,Euplatypus Project (Dummy Data),11,10/12/21,"M3 #4, Andre mycangia; same as slantVial 18291"
8408,Euplatypus Project (Dummy Data),11,10/26/21,"M3 #4, Andre mycangia; same as slantVial 18291"
8409,Euplatypus Project (Dummy Data),11,11/1/21,"M3 #4, Andre mycangia; same as slantVial 18291"
8410,Euplatypus Project (Dummy Data),11,3/21/22,"M3 #4, Andre mycangia; same as slantVial 18291"
8411,Euplatypus Project (Dummy Data),11,3/21/22,"M3 #4, Andre mycangia; same as slantVial 18291"
8412,Euplatypus Project (Dummy Data),11,10/20/21,"M6 #34 (WA), Andre mycangia; same as slantVial 18339"
8413,Euplatypus Project (Dummy Data),11,10/13/21,"M4 #30 (WA), Andre mycangia; same as slantVial 18312"
8414,Euplatypus Project (Dummy Data),11,10/12/21,"M2 #25 (WA), Andre mycangia; same as slantVial 18301"
8415,Euplatypus Project (Dummy Data),11,10/12/21,"M4 #28 (WA), Andre mycangia; same as slantVial 18300"
8416,Euplatypus Project (Dummy Data),11,10/13/21,"M1 #24 (WA), Andre mycangia; same as slantVial 18311"
8417,Euplatypus Project (Dummy Data),11,10/12/21,"M1 #28 (WA), Andre mycangia; same as slantVial 18302"
8418,Euplatypus Project (Dummy Data),11,10/13/21,"M1 #14 (WA), Andre mycangia; same as slantVial 18313"
8419,Euplatypus Project (Dummy Data),11,10/13/21,"M1 #16 (WA), Andre mycangia; same as slantVial 18306"
8420,Euplatypus Project (Dummy Data),11,10/20/21,"M1 #11 (WA), Andre mycangia; same as slantVial 18343"
8421,Euplatypus Project (Dummy Data),11,10/20/21,"M1 #10 (WA), Andre mycangia; same as slantVial 18340"
8422,Euplatypus Project (Dummy Data),11,10/20/21,"M4 #8 (WA), Andre mycangia; same as slantVial 18336"
8423,Euplatypus Project (Dummy Data),11,10/20/21,"M3 #8 (WA), Andre mycangia; same as slantVial 18328"
8424,Euplatypus Project (Dummy Data),11,10/12/21,"M1 #7 (WA), Andre mycangia; same as slantVial 18297"
8425,Euplatypus Project (Dummy Data),11,10/14/21,"M2 #1 (WA), Andre mycangia; same as slantVial 18325"
8426,Euplatypus Project (Dummy Data),11,10/26/21,"M2 #1 (WA), Andre mycangia; same as slantVial 18325"
8427,Euplatypus Project (Dummy Data),11,11/15/21,"M2 #1 (WA), Andre mycangia; same as slantVial 18325"
8428,Euplatypus Project (Dummy Data),11,11/15/21,"M2 #1 (WA), Andre mycangia; same as slantVial 18325"
8429,Euplatypus Project (Dummy Data),11,10/14/21,"M1 #4 (WA), Andre mycangia; same as slantVial 18323"
8430,Euplatypus Project (Dummy Data),11,10/13/21,"M5 #1 (WA), Andre mycangia; same as slantVial 18305"
8431,Euplatypus Project (Dummy Data),11,10/13/21,"M1 #1 (WA), Andre mycangia; same as slantVial 18304"
8432,Euplatypus Project (Dummy Data),11,10/12/21,"M1 #5 (WA), Andre mycangia; same as slantVial 18295"
8433,Euplatypus Project (Dummy Data),11,10/12/21,"M1 #2 (WA), Andre mycangia; same as slantVial 18293"
8434,Euplatypus Project (Dummy Data),11,10/20/21,
8435,Euplatypus Project (Dummy Data),11,10/20/21,
8436,Euplatypus Project (Dummy Data),11,10/20/21,
8437,Euplatypus Project (Dummy Data),11,10/20/21,
8438,Euplatypus Project (Dummy Data),11,10/20/21,
8439,Euplatypus Project (Dummy Data),11,10/20/21,
8440,Euplatypus Project (Dummy Data),11,10/20/21,
8441,Euplatypus Project (Dummy Data),11,10/20/21,
8442,Euplatypus Project (Dummy Data),11,10/20/21,
8443,Euplatypus Project (Dummy Data),11,10/20/21,
8444,Euplatypus Project (Dummy Data),11,10/20/21,
8445,Euplatypus Project (Dummy Data),11,10/20/21,
8446,Euplatypus Project (Dummy Data),11,10/20/21,
8447,Euplatypus Project (Dummy Data),11,10/20/21,
8448,Euplatypus Project (Dummy Data),11,10/20/21,
8449,Euplatypus Project (Dummy Data),11,10/20/21,
8450,Euplatypus Project (Dummy Data),11,10/22/21,
8451,Euplatypus Project (Dummy Data),11,10/22/21,
8452,Euplatypus Project (Dummy Data),11,10/22/21,
8453,Euplatypus Project (Dummy Data),11,10/22/21,
8454,Euplatypus Project (Dummy Data),11,10/22/21,
8455,Euplatypus Project (Dummy Data),11,10/22/21,
8456,Euplatypus Project (Dummy Data),11,10/22/21,weak
8457,Euplatypus Project (Dummy Data),11,10/22/21,strong
8458,Euplatypus Project (Dummy Data),11,10/22/21,strong
8459,Euplatypus Project (Dummy Data),11,10/22/21,strong
8460,Euplatypus Project (Dummy Data),11,10/22/21,strong
8461,Euplatypus Project (Dummy Data),11,10/22/21,strong
8462,Euplatypus Project (Dummy Data),11,10/22/21,strong
8463,Euplatypus Project (Dummy Data),11,10/22/21,strong
8464,Euplatypus Project (Dummy Data),11,10/22/21,strong
8465,Euplatypus Project (Dummy Data),11,10/22/21,strong
8466,Euplatypus Project (Dummy Data),11,10/22/21,strong
8467,Euplatypus Project (Dummy Data),11,10/22/21,strong
8468,Euplatypus Project (Dummy Data),11,10/22/21,strong
8469,Euplatypus Project (Dummy Data),11,10/22/21,strong
8470,Euplatypus Project (Dummy Data),11,10/22/21,strong
8471,Euplatypus Project (Dummy Data),11,10/22/21,strong
8472,Euplatypus Project (Dummy Data),11,10/22/21,strong
8473,Euplatypus Project (Dummy Data),11,10/22/21,strong
8474,Euplatypus Project (Dummy Data),11,10/22/21,strong
8475,Euplatypus Project (Dummy Data),11,10/22/21,strong
8476,Euplatypus Project (Dummy Data),11,10/22/21,strong
8477,Euplatypus Project (Dummy Data),11,10/22/21,strong
8478,Euplatypus Project (Dummy Data),11,10/22/21,none
8479,Euplatypus Project (Dummy Data),11,10/25/21,weak
8480,Euplatypus Project (Dummy Data),11,10/25/21,strong
8481,Euplatypus Project (Dummy Data),11,10/25/21,strong
8482,Euplatypus Project (Dummy Data),11,10/25/21,strong
8483,Euplatypus Project (Dummy Data),11,10/25/21,strong
8484,Euplatypus Project (Dummy Data),11,10/25/21,strong
8485,Euplatypus Project (Dummy Data),11,10/25/21,strong
8486,Euplatypus Project (Dummy Data),11,10/25/21,strong
8487,Euplatypus Project (Dummy Data),11,10/25/21,strong
8488,Euplatypus Project (Dummy Data),11,10/25/21,strong
8489,Euplatypus Project (Dummy Data),11,10/25/21,strong
8490,Euplatypus Project (Dummy Data),11,10/25/21,weak
8491,Euplatypus Project (Dummy Data),11,10/25/21,strong
8492,Euplatypus Project (Dummy Data),11,10/25/21,strong
8493,Euplatypus Project (Dummy Data),11,10/25/21,strong
8494,Euplatypus Project (Dummy Data),11,10/25/21,strong
8495,Euplatypus Project (Dummy Data),11,10/25/21,strong
8496,Euplatypus Project (Dummy Data),11,10/25/21,strong
8497,Euplatypus Project (Dummy Data),11,10/25/21,weak
8498,Euplatypus Project (Dummy Data),11,10/25/21,strong
8499,Euplatypus Project (Dummy Data),11,10/26/21,weak
8500,Euplatypus Project (Dummy Data),11,10/26/21,strong
8501,Euplatypus Project (Dummy Data),11,10/26/21,weak
8502,Euplatypus Project (Dummy Data),11,10/26/21,strong
8503,Euplatypus Project (Dummy Data),11,10/26/21,strong
8504,Euplatypus Project (Dummy Data),11,10/26/21,weak
8505,Euplatypus Project (Dummy Data),11,11/1/21,weak
8506,Euplatypus Project (Dummy Data),11,11/1/21,strong
8507,Euplatypus Project (Dummy Data),11,11/1/21,none
8508,Euplatypus Project (Dummy Data),11,11/16/21,strong
8509,Euplatypus Project (Dummy Data),11,11/16/21,strong
8510,Euplatypus Project (Dummy Data),11,11/16/21,weak
8511,Euplatypus Project (Dummy Data),11,11/16/21,strong
8512,Euplatypus Project (Dummy Data),11,11/16/21,none
8513,Euplatypus Project (Dummy Data),11,11/16/21,none
8514,Euplatypus Project (Dummy Data),11,11/16/21,strong
8515,Euplatypus Project (Dummy Data),11,11/16/21,strong
8516,Euplatypus Project (Dummy Data),11,12/6/21,neg control with a band
8517,Euplatypus Project (Dummy Data),11,12/6/21,neg control with a band
8518,Euplatypus Project (Dummy Data),11,12/6/21,neg control with a band
8519,Euplatypus Project (Dummy Data),11,12/6/21,neg control with a band
8520,Euplatypus Project (Dummy Data),11,12/6/21,neg control with a band
8521,Euplatypus Project (Dummy Data),11,12/6/21,neg control with a band
8522,Euplatypus Project (Dummy Data),11,12/6/21,neg
8523,Euplatypus Project (Dummy Data),11,12/6/21,neg
8524,Euplatypus Project (Dummy Data),11,12/6/21,neg
8525,Euplatypus Project (Dummy Data),11,12/6/21,neg
8526,Euplatypus Project (Dummy Data),11,12/6/21,neg
8527,Euplatypus Project (Dummy Data),11,12/6/21,neg
8528,Euplatypus Project (Dummy Data),11,12/6/21,
8529,Euplatypus Project (Dummy Data),11,12/6/21,
8530,Euplatypus Project (Dummy Data),11,12/6/21,
8531,Euplatypus Project (Dummy Data),11,12/6/21,
8532,Euplatypus Project (Dummy Data),11,12/6/21,
8533,Euplatypus Project (Dummy Data),11,12/6/21,
8534,Euplatypus Project (Dummy Data),11,12/6/21,neg
8535,Euplatypus Project (Dummy Data),11,12/6/21,neg
8536,Euplatypus Project (Dummy Data),11,12/6/21,neg
8537,Euplatypus Project (Dummy Data),11,12/6/21,neg
8538,Euplatypus Project (Dummy Data),11,12/6/21,neg
8539,Euplatypus Project (Dummy Data),11,12/6/21,neg
8540,Euplatypus Project (Dummy Data),11,2/17/22,neg
8541,Euplatypus Project (Dummy Data),11,2/17/22,
8542,Euplatypus Project (Dummy Data),11,2/17/22,neg
8543,Euplatypus Project (Dummy Data),11,2/17/22,neg
8544,Euplatypus Project (Dummy Data),11,2/17/22,strong
8545,Euplatypus Project (Dummy Data),11,2/17/22,strong
8546,Euplatypus Project (Dummy Data),11,2/17/22,strong
8547,Euplatypus Project (Dummy Data),11,2/17/22,strong
8548,Euplatypus Project (Dummy Data),11,2/17/22,strong
8549,Euplatypus Project (Dummy Data),11,2/17/22,strong
8550,Euplatypus Project (Dummy Data),11,2/17/22,none
8551,Euplatypus Project (Dummy Data),11,2/21/22,strong
8552,Euplatypus Project (Dummy Data),11,2/21/22,strong
8553,Euplatypus Project (Dummy Data),11,2/21/22,strong
8554,Euplatypus Project (Dummy Data),11,2/21/22,strong
8555,Euplatypus Project (Dummy Data),11,2/21/22,strong
8556,Euplatypus Project (Dummy Data),11,2/21/22,strong
8557,Euplatypus Project (Dummy Data),11,2/21/22,weak
8558,Euplatypus Project (Dummy Data),11,2/22/22,strong
8559,Euplatypus Project (Dummy Data),11,2/22/22,strong
8560,Euplatypus Project (Dummy Data),11,2/22/22,strong
8561,Euplatypus Project (Dummy Data),11,2/22/22,strong
8562,Euplatypus Project (Dummy Data),11,2/22/22,strong
8563,Euplatypus Project (Dummy Data),11,2/22/22,strong
8564,Euplatypus Project (Dummy Data),11,2/22/22,strong
8565,Euplatypus Project (Dummy Data),11,2/22/22,strong
8566,Euplatypus Project (Dummy Data),11,2/22/22,strong
8567,Euplatypus Project (Dummy Data),11,2/22/22,strong
8568,Euplatypus Project (Dummy Data),11,2/22/22,strong
8569,Euplatypus Project (Dummy Data),11,2/22/22,strong
8570,Euplatypus Project (Dummy Data),11,2/22/22,strong
8571,Euplatypus Project (Dummy Data),11,2/23/22,TRUE
8572,Euplatypus Project (Dummy Data),11,2/23/22,FALSE
8573,Euplatypus Project (Dummy Data),11,2/23/22,TRUE
8574,Euplatypus Project (Dummy Data),11,2/23/22,TRUE
8575,Euplatypus Project (Dummy Data),11,2/23/22,TRUE
8576,Euplatypus Project (Dummy Data),11,2/23/22,FALSE
8577,Euplatypus Project (Dummy Data),11,2/9/22,TRUE
8578,Euplatypus Project (Dummy Data),11,2/9/22,TRUE
8579,Euplatypus Project (Dummy Data),11,2/9/22,TRUE
8580,Euplatypus Project (Dummy Data),11,2/9/22,TRUE
8581,Euplatypus Project (Dummy Data),11,3/28/22,FALSE
8582,Euplatypus Project (Dummy Data),11,3/28/22,FALSE
8583,Euplatypus Project (Dummy Data),11,3/28/22,FALSE
8584,Euplatypus Project (Dummy Data),11,3/28/22,FALSE
8585,Euplatypus Project (Dummy Data),11,3/28/22,FALSE
8586,Euplatypus Project (Dummy Data),11,3/28/22,TRUE
8587,Euplatypus Project (Dummy Data),11,3/29/22,none
8588,Euplatypus Project (Dummy Data),11,3/29/22,none
8589,Euplatypus Project (Dummy Data),11,3/29/22,weak
8590,Euplatypus Project (Dummy Data),11,3/29/22,weak
8591,Euplatypus Project (Dummy Data),11,3/29/22,weak
8592,Euplatypus Project (Dummy Data),11,3/29/22,weak
8593,Euplatypus Project (Dummy Data),11,3/29/22,none
8594,Euplatypus Project (Dummy Data),11,3/29/22,none
8595,Euplatypus Project (Dummy Data),11,3/29/22,strong
8596,Euplatypus Project (Dummy Data),11,3/29/22,strong
8597,Euplatypus Project (Dummy Data),11,3/29/22,none
8598,Euplatypus Project (Dummy Data),11,3/29/22,weak
8599,Euplatypus Project (Dummy Data),11,3/29/22,strong
8600,Euplatypus Project (Dummy Data),11,3/29/22,strong
8601,Euplatypus Project (Dummy Data),11,3/29/22,none
8602,Euplatypus Project (Dummy Data),11,3/29/22,none
8603,Euplatypus Project (Dummy Data),11,3/29/22,none
8604,Euplatypus Project (Dummy Data),11,3/29/22,none
8605,Euplatypus Project (Dummy Data),11,3/29/22,strong
8606,Euplatypus Project (Dummy Data),11,3/29/22,none
8607,Euplatypus Project (Dummy Data),11,3/29/22,weak
8608,Euplatypus Project (Dummy Data),11,3/29/22,strong
8609,Euplatypus Project (Dummy Data),11,3/29/22,weak
8610,Euplatypus Project (Dummy Data),11,3/29/22,none
8611,Euplatypus Project (Dummy Data),11,3/29/22,weak
8612,Euplatypus Project (Dummy Data),11,3/29/22,strong
8613,Euplatypus Project (Dummy Data),11,3/29/22,none
8614,Euplatypus Project (Dummy Data),11,3/29/22,none
8615,Euplatypus Project (Dummy Data),11,3/29/22,weak
8616,Euplatypus Project (Dummy Data),11,3/29/22,none
8617,Euplatypus Project (Dummy Data),11,3/29/22,none
8618,Euplatypus Project (Dummy Data),11,3/29/22,none
8619,Euplatypus Project (Dummy Data),11,3/29/22,none
8620,Euplatypus Project (Dummy Data),11,3/29/22,weak
8621,Euplatypus Project (Dummy Data),11,4/1/22,weak
8622,Euplatypus Project (Dummy Data),11,4/1/22,none
8623,Euplatypus Project (Dummy Data),11,4/1/22,weak
8624,Euplatypus Project (Dummy Data),11,4/1/22,weak
8625,Euplatypus Project (Dummy Data),11,4/1/22,nonspecific
8626,Euplatypus Project (Dummy Data),11,4/1/22,nonspecific
8627,Euplatypus Project (Dummy Data),11,4/1/22,weak
8628,Euplatypus Project (Dummy Data),11,6/29/22,strong
8629,Euplatypus Project (Dummy Data),11,6/29/22,strong
8630,Euplatypus Project (Dummy Data),11,6/29/22,weak
8631,Euplatypus Project (Dummy Data),11,6/29/22,strong
8632,Euplatypus Project (Dummy Data),11,6/29/22,strong
8633,Euplatypus Project (Dummy Data),11,6/29/22,strong
8634,Euplatypus Project (Dummy Data),11,6/29/22,strong
8635,Euplatypus Project (Dummy Data),11,6/29/22,strong
8636,Euplatypus Project (Dummy Data),11,6/29/22,strong
8637,Euplatypus Project (Dummy Data),11,6/29/22,strong
8638,Euplatypus Project (Dummy Data),11,6/29/22,strong
8639,Euplatypus Project (Dummy Data),11,6/29/22,strong
8640,Euplatypus Project (Dummy Data),11,6/29/22,strong
8641,Euplatypus Project (Dummy Data),11,6/29/22,strong
8642,Euplatypus Project (Dummy Data),11,6/29/22,strong
8643,Euplatypus Project (Dummy Data),11,6/30/22,strong
8644,Euplatypus Project (Dummy Data),11,6/30/22,strong
8645,Euplatypus Project (Dummy Data),11,6/30/22,weak
8646,Euplatypus Project (Dummy Data),11,6/30/22,strong
8647,Euplatypus Project (Dummy Data),11,6/30/22,strong
8648,Euplatypus Project (Dummy Data),11,6/30/22,strong
8649,Euplatypus Project (Dummy Data),11,6/30/22,strong
8650,Euplatypus Project (Dummy Data),11,6/30/22,strong
8651,Euplatypus Project (Dummy Data),11,6/30/22,strong
8652,Euplatypus Project (Dummy Data),11,6/30/22,strong
8653,Euplatypus Project (Dummy Data),11,6/30/22,strong
8654,Euplatypus Project (Dummy Data),11,6/30/22,strong
8655,Euplatypus Project (Dummy Data),11,6/30/22,strong
8656,Euplatypus Project (Dummy Data),11,6/30/22,strong
8657,Euplatypus Project (Dummy Data),11,6/30/22,strong
8658,Euplatypus Project (Dummy Data),11,6/30/22,strong
8659,Euplatypus Project (Dummy Data),11,6/30/22,strong
8660,Euplatypus Project (Dummy Data),11,6/30/22,strong
8661,Euplatypus Project (Dummy Data),11,6/30/22,strong
8662,Euplatypus Project (Dummy Data),11,6/30/22,strong
8663,Euplatypus Project (Dummy Data),11,6/30/22,strong
8664,Euplatypus Project (Dummy Data),11,6/30/22,strong
8665,Euplatypus Project (Dummy Data),11,6/30/22,strong
8666,Euplatypus Project (Dummy Data),11,7/4/22,strong
8667,Euplatypus Project (Dummy Data),11,7/4/22,strong
8668,Euplatypus Project (Dummy Data),11,7/4/22,strong
8669,Euplatypus Project (Dummy Data),11,7/4/22,strong
8670,Euplatypus Project (Dummy Data),11,7/4/22,strong
8671,Euplatypus Project (Dummy Data),11,7/4/22,strong
8672,Euplatypus Project (Dummy Data),11,7/4/22,strong
8673,Euplatypus Project (Dummy Data),11,7/4/22,strong
8674,Euplatypus Project (Dummy Data),11,7/4/22,strong
8675,Euplatypus Project (Dummy Data),11,7/4/22,strong
8676,Euplatypus Project (Dummy Data),11,7/4/22,strong
8677,Euplatypus Project (Dummy Data),11,7/4/22,strong
8678,Euplatypus Project (Dummy Data),11,7/4/22,strong
8679,Euplatypus Project (Dummy Data),11,7/4/22,strong
8680,Euplatypus Project (Dummy Data),11,7/4/22,strong
8681,Euplatypus Project (Dummy Data),11,7/4/22,strong
8682,Euplatypus Project (Dummy Data),11,7/4/22,strong
8683,Euplatypus Project (Dummy Data),11,7/4/22,strong
8684,Euplatypus Project (Dummy Data),11,7/4/22,strong
8685,Euplatypus Project (Dummy Data),11,7/4/22,strong
8686,Euplatypus Project (Dummy Data),11,7/4/22,strong
8687,Euplatypus Project (Dummy Data),11,7/4/22,strong
8688,Euplatypus Project (Dummy Data),11,7/4/22,strong
8689,Euplatypus Project (Dummy Data),11,7/4/22,strong
8690,Euplatypus Project (Dummy Data),11,7/4/22,strong
8691,Euplatypus Project (Dummy Data),11,7/14/22,strong
8692,Euplatypus Project (Dummy Data),11,7/14/22,strong
8693,Euplatypus Project (Dummy Data),11,7/14/22,strong
8694,Euplatypus Project (Dummy Data),11,7/14/22,strong
8695,Euplatypus Project (Dummy Data),11,7/14/22,strong
8696,Euplatypus Project (Dummy Data),11,7/14/22,strong
8697,Euplatypus Project (Dummy Data),11,7/14/22,strong
8698,Euplatypus Project (Dummy Data),11,7/14/22,strong
8699,Euplatypus Project (Dummy Data),11,7/14/22,strong
8700,Euplatypus Project (Dummy Data),11,7/14/22,strong
8701,Euplatypus Project (Dummy Data),11,7/14/22,none
8702,Euplatypus Project (Dummy Data),11,7/14/22,none
8703,Euplatypus Project (Dummy Data),11,7/14/22,none
8704,Euplatypus Project (Dummy Data),11,7/14/22,none
8705,Euplatypus Project (Dummy Data),11,7/14/22,none
8706,Euplatypus Project (Dummy Data),11,7/14/22,strong
8707,Euplatypus Project (Dummy Data),11,7/14/22,strong
8708,Euplatypus Project (Dummy Data),11,7/14/22,strong
8709,Euplatypus Project (Dummy Data),11,7/14/22,strong
8710,Euplatypus Project (Dummy Data),11,7/14/22,strong
8711,Euplatypus Project (Dummy Data),11,7/14/22,strong
8712,Euplatypus Project (Dummy Data),11,7/14/22,strong
8713,Euplatypus Project (Dummy Data),11,7/14/22,strong
8714,Euplatypus Project (Dummy Data),11,7/14/22,strong
8715,Euplatypus Project (Dummy Data),11,7/14/22,strong
8716,Euplatypus Project (Dummy Data),11,7/14/22,strong
8717,Euplatypus Project (Dummy Data),11,7/14/22,strong
8718,Euplatypus Project (Dummy Data),11,7/14/22,strong
8719,Euplatypus Project (Dummy Data),11,7/14/22,strong
8720,Euplatypus Project (Dummy Data),11,7/14/22,strong
8721,Euplatypus Project (Dummy Data),11,7/14/22,strong
8722,Euplatypus Project (Dummy Data),11,7/14/22,strong
8723,Euplatypus Project (Dummy Data),11,7/14/22,strong
8724,Euplatypus Project (Dummy Data),11,7/14/22,strong
8725,Euplatypus Project (Dummy Data),11,7/14/22,strong
8726,Euplatypus Project (Dummy Data),11,7/14/22,strong
8727,Euplatypus Project (Dummy Data),11,7/14/22,strong
8728,Euplatypus Project (Dummy Data),11,7/14/22,weak
8729,Euplatypus Project (Dummy Data),11,7/14/22,weak
8730,Euplatypus Project (Dummy Data),11,7/14/22,weak
8731,Euplatypus Project (Dummy Data),11,7/14/22,weak
8732,Euplatypus Project (Dummy Data),11,7/14/22,weak
8733,Euplatypus Project (Dummy Data),11,7/14/22,weak
8734,Euplatypus Project (Dummy Data),11,7/14/22,strong
8735,Euplatypus Project (Dummy Data),11,7/14/22,strong
8736,Euplatypus Project (Dummy Data),11,7/14/22,strong
8737,Euplatypus Project (Dummy Data),11,7/14/22,strong
8738,Euplatypus Project (Dummy Data),11,7/14/22,strong
8739,Euplatypus Project (Dummy Data),11,7/14/22,strong
8740,Euplatypus Project (Dummy Data),11,7/14/22,strong
8741,Euplatypus Project (Dummy Data),11,7/14/22,strong
8742,Euplatypus Project (Dummy Data),11,7/20/22,strong
8743,Euplatypus Project (Dummy Data),11,7/20/22,strong
8744,Euplatypus Project (Dummy Data),11,7/20/22,strong
8745,Euplatypus Project (Dummy Data),11,7/20/22,strong
8746,Euplatypus Project (Dummy Data),11,7/20/22,strong
8747,Euplatypus Project (Dummy Data),11,7/20/22,strong
8748,Euplatypus Project (Dummy Data),11,7/20/22,weak
8749,Euplatypus Project (Dummy Data),11,7/20/22,strong
8750,Euplatypus Project (Dummy Data),11,7/20/22,strong
8751,Euplatypus Project (Dummy Data),11,8/3/22,strong
8752,Euplatypus Project (Dummy Data),11,8/3/22,strong
8753,Euplatypus Project (Dummy Data),11,8/3/22,strong
8754,Euplatypus Project (Dummy Data),11,8/3/22,weak
8755,Euplatypus Project (Dummy Data),11,8/3/22,strong
8756,Euplatypus Project (Dummy Data),11,8/3/22,strong
8757,Euplatypus Project (Dummy Data),11,8/3/22,strong
8758,Euplatypus Project (Dummy Data),11,8/3/22,strong
8759,Euplatypus Project (Dummy Data),11,8/3/22,strong
8760,Euplatypus Project (Dummy Data),11,8/3/22,strong
8761,Euplatypus Project (Dummy Data),11,5/1/23,
8762,Euplatypus Project (Dummy Data),11,5/1/23,
8763,Euplatypus Project (Dummy Data),11,5/1/23,
8764,Euplatypus Project (Dummy Data),11,5/1/23,
8765,Euplatypus Project (Dummy Data),11,5/1/23,
8766,Euplatypus Project (Dummy Data),11,5/1/23,
8767,Euplatypus Project (Dummy Data),11,5/1/23,
8768,Euplatypus Project (Dummy Data),11,5/1/23,
8769,Euplatypus Project (Dummy Data),11,5/1/23,
8770,Euplatypus Project (Dummy Data),11,5/1/23,
8771,Euplatypus Project (Dummy Data),11,5/1/23,
8772,Euplatypus Project (Dummy Data),11,5/1/23,
8773,Euplatypus Project (Dummy Data),11,5/1/23,
8774,Euplatypus Project (Dummy Data),11,5/1/23,
8775,Euplatypus Project (Dummy Data),11,5/1/23,
8776,Euplatypus Project (Dummy Data),11,5/1/23,
8777,Euplatypus Project (Dummy Data),11,5/1/23,
8778,Euplatypus Project (Dummy Data),11,5/1/23,
8779,Euplatypus Project (Dummy Data),11,5/1/23,
8780,Euplatypus Project (Dummy Data),11,5/1/23,
8781,Euplatypus Project (Dummy Data),11,5/1/23,
8782,Euplatypus Project (Dummy Data),11,5/1/23,
8783,Euplatypus Project (Dummy Data),11,5/1/23,
8784,Euplatypus Project (Dummy Data),11,5/1/23,
8785,Euplatypus Project (Dummy Data),11,5/1/23,
8786,Euplatypus Project (Dummy Data),11,5/1/23,
8787,Euplatypus Project (Dummy Data),11,5/1/23,
8788,Euplatypus Project (Dummy Data),11,5/1/23,
8789,Euplatypus Project (Dummy Data),11,5/1/23,
8790,Euplatypus Project (Dummy Data),11,5/1/23,
8791,Euplatypus Project (Dummy Data),11,5/1/23,
8792,Euplatypus Project (Dummy Data),11,5/1/23,
8793,Euplatypus Project (Dummy Data),11,5/1/23,
8794,Euplatypus Project (Dummy Data),11,5/1/23,
8795,Euplatypus Project (Dummy Data),11,5/1/23,
8796,Euplatypus Project (Dummy Data),11,5/1/23,
8797,Euplatypus Project (Dummy Data),11,5/1/23,
8798,Euplatypus Project (Dummy Data),11,5/1/23,
8799,Euplatypus Project (Dummy Data),11,5/1/23,
8800,Euplatypus Project (Dummy Data),11,5/1/23,
8801,Euplatypus Project (Dummy Data),11,5/1/23,
8802,Euplatypus Project (Dummy Data),11,5/1/23,
8803,Euplatypus Project (Dummy Data),11,5/1/23,
8804,Euplatypus Project (Dummy Data),11,5/1/23,
8805,Euplatypus Project (Dummy Data),11,5/1/23,
8806,Euplatypus Project (Dummy Data),11,5/1/23,
8807,Euplatypus Project (Dummy Data),11,5/1/23,
8808,Euplatypus Project (Dummy Data),11,5/1/23,
8809,Euplatypus Project (Dummy Data),11,5/1/23,
8810,Euplatypus Project (Dummy Data),11,5/1/23,
8811,Euplatypus Project (Dummy Data),11,5/1/23,
8812,Euplatypus Project (Dummy Data),11,5/1/23,
8813,Euplatypus Project (Dummy Data),11,5/1/23,
8814,Euplatypus Project (Dummy Data),11,5/1/23,
8815,Euplatypus Project (Dummy Data),11,5/1/23,
8816,Euplatypus Project (Dummy Data),11,5/1/23,
8817,Euplatypus Project (Dummy Data),11,5/1/23,
8818,Euplatypus Project (Dummy Data),11,5/1/23,
8819,Euplatypus Project (Dummy Data),11,5/1/23,
8820,Euplatypus Project (Dummy Data),11,5/1/23,
8821,Euplatypus Project (Dummy Data),11,5/1/23,
8822,Euplatypus Project (Dummy Data),11,5/1/23,
8823,Euplatypus Project (Dummy Data),11,5/1/23,
8824,Euplatypus Project (Dummy Data),11,5/1/23,
8825,Euplatypus Project (Dummy Data),11,5/1/23,
8826,Euplatypus Project (Dummy Data),11,5/1/23,
8827,Euplatypus Project (Dummy Data),11,5/1/23,
8828,Euplatypus Project (Dummy Data),11,5/1/23,
8829,Euplatypus Project (Dummy Data),11,5/1/23,
8830,Euplatypus Project (Dummy Data),11,5/1/23,
8831,Euplatypus Project (Dummy Data),11,5/1/23,
8832,Euplatypus Project (Dummy Data),11,5/1/23,
8833,Euplatypus Project (Dummy Data),11,5/1/23,
8834,Euplatypus Project (Dummy Data),11,5/1/23,
8835,Euplatypus Project (Dummy Data),11,5/1/23,
8836,Euplatypus Project (Dummy Data),11,5/1/23,
8837,Euplatypus Project (Dummy Data),11,5/1/23,
8838,Euplatypus Project (Dummy Data),11,5/1/23,
8839,Euplatypus Project (Dummy Data),11,5/1/23,
8840,Euplatypus Project (Dummy Data),11,5/1/23,
8841,Euplatypus Project (Dummy Data),11,5/1/23,
8842,Euplatypus Project (Dummy Data),11,5/1/23,
8843,Euplatypus Project (Dummy Data),11,5/1/23,
8844,Euplatypus Project (Dummy Data),11,5/1/23,
8845,Euplatypus Project (Dummy Data),11,5/1/23,
8846,Euplatypus Project (Dummy Data),11,5/1/23,
8847,Euplatypus Project (Dummy Data),11,5/1/23,
8848,Euplatypus Project (Dummy Data),11,5/1/23,
8849,Euplatypus Project (Dummy Data),11,5/1/23,
8850,Euplatypus Project (Dummy Data),11,5/1/23,
8851,Euplatypus Project (Dummy Data),11,5/1/23,
8852,Euplatypus Project (Dummy Data),11,5/1/23,
8853,Euplatypus Project (Dummy Data),11,5/1/23,
8854,Euplatypus Project (Dummy Data),11,5/1/23,
8855,Euplatypus Project (Dummy Data),11,5/1/23,
8856,Euplatypus Project (Dummy Data),11,5/1/23,
8857,Euplatypus Project (Dummy Data),11,5/1/23,
8858,Euplatypus Project (Dummy Data),11,5/1/23,
8859,Euplatypus Project (Dummy Data),11,5/1/23,
8860,Euplatypus Project (Dummy Data),11,5/1/23,
8861,Euplatypus Project (Dummy Data),11,5/1/23,
8862,Euplatypus Project (Dummy Data),11,5/1/23,
8863,Euplatypus Project (Dummy Data),11,5/1/23,
8864,Euplatypus Project (Dummy Data),11,5/1/23,
8865,Euplatypus Project (Dummy Data),11,5/1/23,
8866,Euplatypus Project (Dummy Data),11,5/1/23,
8867,Euplatypus Project (Dummy Data),11,5/1/23,
8868,Euplatypus Project (Dummy Data),11,5/1/23,
8869,Euplatypus Project (Dummy Data),11,5/1/23,
8870,Euplatypus Project (Dummy Data),11,5/1/23,
8871,Euplatypus Project (Dummy Data),11,5/1/23,
8872,Euplatypus Project (Dummy Data),11,5/1/23,
8873,Euplatypus Project (Dummy Data),11,5/1/23,
8874,Euplatypus Project (Dummy Data),11,5/1/23,
8875,Euplatypus Project (Dummy Data),11,5/1/23,
8876,Euplatypus Project (Dummy Data),11,5/1/23,
8877,Euplatypus Project (Dummy Data),11,5/1/23,
8878,Euplatypus Project (Dummy Data),11,5/1/23,
8879,Euplatypus Project (Dummy Data),11,5/1/23,
8880,Euplatypus Project (Dummy Data),11,5/1/23,
8881,Euplatypus Project (Dummy Data),11,5/1/23,
8882,Euplatypus Project (Dummy Data),11,5/1/23,
8883,Euplatypus Project (Dummy Data),11,5/1/23,
8884,Euplatypus Project (Dummy Data),11,5/1/23,
8885,Euplatypus Project (Dummy Data),11,5/1/23,
8886,Euplatypus Project (Dummy Data),11,5/1/23,
8887,Euplatypus Project (Dummy Data),11,5/1/23,
8888,Euplatypus Project (Dummy Data),11,5/1/23,
8889,Euplatypus Project (Dummy Data),11,5/1/23,
8890,Euplatypus Project (Dummy Data),11,5/1/23,
8891,Euplatypus Project (Dummy Data),11,5/1/23,
8892,Euplatypus Project (Dummy Data),11,5/1/23,
8893,Euplatypus Project (Dummy Data),11,5/1/23,
8894,Euplatypus Project (Dummy Data),11,5/1/23,
8895,Euplatypus Project (Dummy Data),11,5/1/23,
8896,Euplatypus Project (Dummy Data),11,5/1/23,
8897,Euplatypus Project (Dummy Data),11,5/1/23,
8898,Euplatypus Project (Dummy Data),11,5/1/23,
8899,Euplatypus Project (Dummy Data),11,5/1/23,
8900,Euplatypus Project (Dummy Data),11,5/1/23,
8901,Euplatypus Project (Dummy Data),11,5/1/23,
8902,Euplatypus Project (Dummy Data),11,5/1/23,
8903,Euplatypus Project (Dummy Data),11,5/1/23,
8904,Euplatypus Project (Dummy Data),11,5/1/23,
8905,Euplatypus Project (Dummy Data),11,5/1/23,
8906,Euplatypus Project (Dummy Data),11,5/1/23,
8907,Euplatypus Project (Dummy Data),11,5/1/23,
8908,Euplatypus Project (Dummy Data),11,5/1/23,
8909,Euplatypus Project (Dummy Data),11,5/1/23,
8910,Euplatypus Project (Dummy Data),11,5/1/23,
8911,Euplatypus Project (Dummy Data),11,5/1/23,
8912,Euplatypus Project (Dummy Data),11,5/1/23,
8913,Euplatypus Project (Dummy Data),11,5/1/23,
8914,Euplatypus Project (Dummy Data),11,5/1/23,
8915,Euplatypus Project (Dummy Data),11,5/1/23,
8916,Euplatypus Project (Dummy Data),11,5/1/23,
8917,Euplatypus Project (Dummy Data),11,5/1/23,
8918,Euplatypus Project (Dummy Data),11,5/1/23,
8919,Euplatypus Project (Dummy Data),11,5/1/23,
8920,Euplatypus Project (Dummy Data),11,5/1/23,
8921,Euplatypus Project (Dummy Data),11,5/1/23,
8922,Euplatypus Project (Dummy Data),11,5/1/23,
8923,Euplatypus Project (Dummy Data),11,5/1/23,
8924,Euplatypus Project (Dummy Data),11,5/1/23,
8925,Euplatypus Project (Dummy Data),11,5/1/23,
8926,Euplatypus Project (Dummy Data),11,5/1/23,
8927,Euplatypus Project (Dummy Data),11,5/1/23,
8928,Euplatypus Project (Dummy Data),11,5/1/23,
8929,Euplatypus Project (Dummy Data),11,5/1/23,
8930,Euplatypus Project (Dummy Data),11,5/1/23,
8931,Euplatypus Project (Dummy Data),11,5/1/23,
8932,Euplatypus Project (Dummy Data),11,5/1/23,
8933,Euplatypus Project (Dummy Data),11,5/1/23,
8934,Euplatypus Project (Dummy Data),11,5/1/23,
8935,Euplatypus Project (Dummy Data),11,5/1/23,
8936,Euplatypus Project (Dummy Data),11,5/1/23,
8937,Euplatypus Project (Dummy Data),11,5/1/23,
8938,Euplatypus Project (Dummy Data),11,5/1/23,
8939,Euplatypus Project (Dummy Data),11,5/1/23,
8940,Euplatypus Project (Dummy Data),11,5/1/23,
8941,Euplatypus Project (Dummy Data),11,5/1/23,
8942,Euplatypus Project (Dummy Data),11,5/1/23,
8943,Euplatypus Project (Dummy Data),11,5/1/23,
8944,Euplatypus Project (Dummy Data),11,5/1/23,
8945,Euplatypus Project (Dummy Data),11,5/1/23,
8946,Euplatypus Project (Dummy Data),11,5/1/23,
8947,Euplatypus Project (Dummy Data),11,5/1/23,
8948,Euplatypus Project (Dummy Data),11,5/1/23,
8949,Euplatypus Project (Dummy Data),11,5/1/23,
8950,Euplatypus Project (Dummy Data),11,5/1/23,
8951,Euplatypus Project (Dummy Data),11,5/1/23,
8952,Euplatypus Project (Dummy Data),11,5/1/23,
8953,Euplatypus Project (Dummy Data),11,5/1/23,
8954,Euplatypus Project (Dummy Data),11,5/1/23,
8955,Euplatypus Project (Dummy Data),11,5/1/23,
8956,Euplatypus Project (Dummy Data),11,5/1/23,
8957,Euplatypus Project (Dummy Data),11,5/1/23,
8958,Euplatypus Project (Dummy Data),11,5/1/23,
8959,Euplatypus Project (Dummy Data),11,5/1/23,
8960,Euplatypus Project (Dummy Data),11,5/1/23,
8961,Euplatypus Project (Dummy Data),11,5/1/23,
8962,Euplatypus Project (Dummy Data),11,5/1/23,
8963,Euplatypus Project (Dummy Data),11,5/1/23,
8964,Euplatypus Project (Dummy Data),11,5/1/23,
8965,Euplatypus Project (Dummy Data),11,5/1/23,
8966,Euplatypus Project (Dummy Data),11,5/1/23,
8967,Euplatypus Project (Dummy Data),11,5/1/23,
8968,Euplatypus Project (Dummy Data),11,5/1/23,
8969,Euplatypus Project (Dummy Data),11,5/1/23,
8970,Euplatypus Project (Dummy Data),11,5/1/23,
8971,Euplatypus Project (Dummy Data),11,5/1/23,
8972,Euplatypus Project (Dummy Data),11,5/1/23,
8973,Euplatypus Project (Dummy Data),11,5/1/23,
8974,Euplatypus Project (Dummy Data),11,5/1/23,
8975,Euplatypus Project (Dummy Data),11,5/1/23,
8976,Euplatypus Project (Dummy Data),11,5/1/23,
8977,Euplatypus Project (Dummy Data),11,5/1/23,
8978,Euplatypus Project (Dummy Data),11,5/1/23,
8979,Euplatypus Project (Dummy Data),11,5/1/23,
8980,Euplatypus Project (Dummy Data),11,5/1/23,
8981,Euplatypus Project (Dummy Data),11,5/1/23,
8982,Euplatypus Project (Dummy Data),11,5/1/23,
8983,Euplatypus Project (Dummy Data),11,5/1/23,
8984,Euplatypus Project (Dummy Data),11,5/1/23,
8985,Euplatypus Project (Dummy Data),11,5/1/23,
8986,Euplatypus Project (Dummy Data),11,5/1/23,
8987,Euplatypus Project (Dummy Data),11,5/1/23,
8988,Euplatypus Project (Dummy Data),11,5/1/23,
8989,Euplatypus Project (Dummy Data),11,5/1/23,
8990,Euplatypus Project (Dummy Data),11,5/1/23,
8991,Euplatypus Project (Dummy Data),11,5/1/23,
8992,Euplatypus Project (Dummy Data),11,5/1/23,
8993,Euplatypus Project (Dummy Data),11,5/1/23,
8994,Euplatypus Project (Dummy Data),11,5/1/23,
8995,Euplatypus Project (Dummy Data),11,5/1/23,
8996,Euplatypus Project (Dummy Data),11,5/1/23,
8997,Euplatypus Project (Dummy Data),11,5/1/23,
8998,Euplatypus Project (Dummy Data),11,5/1/23,
8999,Euplatypus Project (Dummy Data),11,5/1/23,
9000,Euplatypus Project (Dummy Data),11,5/1/23,
9001,Euplatypus Project (Dummy Data),11,5/1/23,
9002,Euplatypus Project (Dummy Data),11,5/1/23,
9003,Euplatypus Project (Dummy Data),11,5/1/23,
9004,Euplatypus Project (Dummy Data),11,5/1/23,
9005,Euplatypus Project (Dummy Data),11,5/1/23,
9006,Euplatypus Project (Dummy Data),11,5/1/23,
9007,Euplatypus Project (Dummy Data),11,5/1/23,
9008,Euplatypus Project (Dummy Data),11,5/1/23,
9009,Euplatypus Project (Dummy Data),11,5/1/23,
9010,Euplatypus Project (Dummy Data),11,5/1/23,
9011,Euplatypus Project (Dummy Data),11,5/1/23,
9012,Euplatypus Project (Dummy Data),11,5/1/23,
9013,Euplatypus Project (Dummy Data),11,5/1/23,
9014,Euplatypus Project (Dummy Data),11,5/1/23,
9015,Euplatypus Project (Dummy Data),11,5/1/23,
9016,Euplatypus Project (Dummy Data),11,5/1/23,
9017,Euplatypus Project (Dummy Data),11,5/1/23,
9018,Euplatypus Project (Dummy Data),11,5/1/23,
9019,Euplatypus Project (Dummy Data),11,5/1/23,
9020,Euplatypus Project (Dummy Data),11,5/1/23,
9021,Euplatypus Project (Dummy Data),11,5/1/23,
9022,Euplatypus Project (Dummy Data),11,5/1/23,
9023,Euplatypus Project (Dummy Data),11,5/1/23,
9024,Euplatypus Project (Dummy Data),11,5/1/23,
9025,Euplatypus Project (Dummy Data),11,5/1/23,
9026,Euplatypus Project (Dummy Data),11,5/1/23,
9027,Euplatypus Project (Dummy Data),11,5/1/23,
9028,Euplatypus Project (Dummy Data),11,5/1/23,
9029,Euplatypus Project (Dummy Data),11,5/1/23,
9030,Euplatypus Project (Dummy Data),11,5/1/23,
9031,Euplatypus Project (Dummy Data),11,5/1/23,
9032,Euplatypus Project (Dummy Data),11,5/1/23,
9033,Euplatypus Project (Dummy Data),11,5/1/23,
9034,Euplatypus Project (Dummy Data),11,5/1/23,
9035,Euplatypus Project (Dummy Data),11,5/1/23,
9036,Euplatypus Project (Dummy Data),11,5/1/23,
9037,Euplatypus Project (Dummy Data),11,5/1/23,
9038,Euplatypus Project (Dummy Data),11,5/1/23,
9039,Euplatypus Project (Dummy Data),11,5/1/23,
9040,Euplatypus Project (Dummy Data),11,5/1/23,
9041,Euplatypus Project (Dummy Data),11,5/1/23,
9042,Euplatypus Project (Dummy Data),11,5/1/23,
9043,Euplatypus Project (Dummy Data),11,5/1/23,
9044,Euplatypus Project (Dummy Data),11,5/1/23,
9045,Euplatypus Project (Dummy Data),11,5/1/23,
9046,Euplatypus Project (Dummy Data),11,5/1/23,
9047,Euplatypus Project (Dummy Data),11,5/1/23,
9048,Euplatypus Project (Dummy Data),11,5/1/23,
9049,Euplatypus Project (Dummy Data),11,5/1/23,
9050,Euplatypus Project (Dummy Data),11,5/1/23,
9051,Euplatypus Project (Dummy Data),11,5/1/23,
9052,Euplatypus Project (Dummy Data),11,5/1/23,
9053,Euplatypus Project (Dummy Data),11,5/1/23,
9054,Euplatypus Project (Dummy Data),11,5/1/23,
9055,Euplatypus Project (Dummy Data),11,5/1/23,
9056,Euplatypus Project (Dummy Data),11,5/1/23,
9057,Euplatypus Project (Dummy Data),11,5/1/23,
9058,Euplatypus Project (Dummy Data),11,5/1/23,
9059,Euplatypus Project (Dummy Data),11,5/1/23,
9060,Euplatypus Project (Dummy Data),11,5/1/23,
9061,Euplatypus Project (Dummy Data),11,5/1/23,
9062,Euplatypus Project (Dummy Data),11,5/1/23,
9063,Euplatypus Project (Dummy Data),11,5/1/23,
9064,Euplatypus Project (Dummy Data),11,5/1/23,
9065,Euplatypus Project (Dummy Data),11,5/1/23,
9066,Euplatypus Project (Dummy Data),11,5/1/23,
9067,Euplatypus Project (Dummy Data),11,5/1/23,
9068,Euplatypus Project (Dummy Data),11,5/1/23,
9069,Euplatypus Project (Dummy Data),11,5/1/23,
9070,Euplatypus Project (Dummy Data),11,5/1/23,
9071,Euplatypus Project (Dummy Data),11,5/1/23,
9072,Euplatypus Project (Dummy Data),11,5/1/23,
9073,Euplatypus Project (Dummy Data),11,5/1/23,
9074,Euplatypus Project (Dummy Data),11,5/1/23,
9075,Euplatypus Project (Dummy Data),11,5/1/23,
9076,Euplatypus Project (Dummy Data),11,5/1/23,
9077,Euplatypus Project (Dummy Data),11,5/1/23,
9078,Euplatypus Project (Dummy Data),11,5/1/23,
9079,Euplatypus Project (Dummy Data),11,5/1/23,
9080,Euplatypus Project (Dummy Data),11,5/1/23,
9081,Euplatypus Project (Dummy Data),11,5/1/23,
9082,Euplatypus Project (Dummy Data),11,5/1/23,
9083,Euplatypus Project (Dummy Data),11,5/1/23,
9084,Euplatypus Project (Dummy Data),11,5/1/23,
9085,Euplatypus Project (Dummy Data),11,5/1/23,
9086,Euplatypus Project (Dummy Data),11,5/1/23,
9087,Euplatypus Project (Dummy Data),11,5/1/23,
9088,Euplatypus Project (Dummy Data),11,5/1/23,
9089,Euplatypus Project (Dummy Data),11,5/1/23,
9090,Euplatypus Project (Dummy Data),11,5/1/23,
9091,Euplatypus Project (Dummy Data),11,5/1/23,
9092,Euplatypus Project (Dummy Data),11,5/1/23,
9093,Euplatypus Project (Dummy Data),11,5/1/23,
9094,Euplatypus Project (Dummy Data),11,5/1/23,
9095,Euplatypus Project (Dummy Data),11,5/1/23,
9096,Euplatypus Project (Dummy Data),11,5/1/23,
9097,Euplatypus Project (Dummy Data),11,5/1/23,
9098,Euplatypus Project (Dummy Data),11,5/1/23,
9099,Euplatypus Project (Dummy Data),11,5/1/23,
9100,Euplatypus Project (Dummy Data),11,5/1/23,
9101,Euplatypus Project (Dummy Data),11,5/1/23,
9102,Euplatypus Project (Dummy Data),11,5/1/23,
9103,Euplatypus Project (Dummy Data),11,5/1/23,
9104,Euplatypus Project (Dummy Data),11,5/1/23,
9105,Euplatypus Project (Dummy Data),11,5/1/23,
9106,Euplatypus Project (Dummy Data),11,5/1/23,
9107,Euplatypus Project (Dummy Data),11,5/1/23,
9108,Euplatypus Project (Dummy Data),11,5/1/23,
9109,Euplatypus Project (Dummy Data),11,5/1/23,
9110,Euplatypus Project (Dummy Data),11,5/1/23,
9111,Euplatypus Project (Dummy Data),11,5/1/23,
9112,Euplatypus Project (Dummy Data),11,5/1/23,
9113,Euplatypus Project (Dummy Data),11,5/1/23,
9114,Euplatypus Project (Dummy Data),11,5/1/23,
9115,Euplatypus Project (Dummy Data),11,5/1/23,
9116,Euplatypus Project (Dummy Data),11,5/1/23,
9117,Euplatypus Project (Dummy Data),11,5/1/23,
9118,Euplatypus Project (Dummy Data),11,5/1/23,
9119,Euplatypus Project (Dummy Data),11,5/1/23,
9120,Euplatypus Project (Dummy Data),11,5/1/23,
9121,Euplatypus Project (Dummy Data),11,5/1/23,
9122,Euplatypus Project (Dummy Data),11,5/1/23,
9123,Euplatypus Project (Dummy Data),11,5/1/23,
9124,Euplatypus Project (Dummy Data),11,9/27/21,
9125,Euplatypus Project (Dummy Data),11,9/27/21,
9126,Euplatypus Project (Dummy Data),11,9/27/21,
9127,Euplatypus Project (Dummy Data),11,9/27/21,
9128,Euplatypus Project (Dummy Data),11,9/27/21,
9129,Euplatypus Project (Dummy Data),11,9/27/21,
9130,Euplatypus Project (Dummy Data),11,9/27/21,
9131,Euplatypus Project (Dummy Data),11,9/27/21,
9132,Euplatypus Project (Dummy Data),11,9/27/21,
9133,Euplatypus Project (Dummy Data),11,9/27/21,
9134,Euplatypus Project (Dummy Data),11,9/27/21,
9135,Euplatypus Project (Dummy Data),11,9/27/21,
9136,Euplatypus Project (Dummy Data),11,9/27/21,
9137,Euplatypus Project (Dummy Data),11,9/27/21,
9138,Euplatypus Project (Dummy Data),11,9/27/21,
9139,Euplatypus Project (Dummy Data),11,9/27/21,
9140,Euplatypus Project (Dummy Data),11,9/27/21,
9141,Euplatypus Project (Dummy Data),11,9/27/21,
9142,Euplatypus Project (Dummy Data),11,9/27/21,
9143,Euplatypus Project (Dummy Data),11,9/27/21,
9144,Euplatypus Project (Dummy Data),11,9/27/21,
9145,Euplatypus Project (Dummy Data),11,9/27/21,
9146,Euplatypus Project (Dummy Data),11,9/27/21,
9147,Euplatypus Project (Dummy Data),11,9/27/21,
9148,Euplatypus Project (Dummy Data),11,9/27/21,
9149,Euplatypus Project (Dummy Data),11,9/27/21,
9150,Euplatypus Project (Dummy Data),11,9/27/21,
9151,Euplatypus Project (Dummy Data),11,9/27/21,
9152,Euplatypus Project (Dummy Data),11,9/27/21,
9153,Euplatypus Project (Dummy Data),11,9/27/21,
9154,Euplatypus Project (Dummy Data),11,9/27/21,
9155,Euplatypus Project (Dummy Data),11,9/27/21,
9156,Euplatypus Project (Dummy Data),11,9/27/21,
9157,Euplatypus Project (Dummy Data),11,9/27/21,
9158,Euplatypus Project (Dummy Data),11,9/27/21,
9159,Euplatypus Project (Dummy Data),11,9/27/21,
9160,Euplatypus Project (Dummy Data),11,9/27/21,
9161,Euplatypus Project (Dummy Data),11,9/27/21,
9162,Euplatypus Project (Dummy Data),11,9/27/21,
9163,Euplatypus Project (Dummy Data),11,9/27/21,
9164,Euplatypus Project (Dummy Data),11,9/27/21,
9165,Euplatypus Project (Dummy Data),11,9/27/21,
9166,Euplatypus Project (Dummy Data),11,9/27/21,
9167,Euplatypus Project (Dummy Data),11,9/27/21,
9168,Euplatypus Project (Dummy Data),11,9/27/21,
9169,Euplatypus Project (Dummy Data),11,9/27/21,
9170,Euplatypus Project (Dummy Data),11,9/27/21,
9171,Euplatypus Project (Dummy Data),11,9/27/21,
9172,Euplatypus Project (Dummy Data),11,9/27/21,
9173,Euplatypus Project (Dummy Data),11,9/27/21,
9174,Euplatypus Project (Dummy Data),11,9/27/21,
9175,Euplatypus Project (Dummy Data),11,9/27/21,
9176,Euplatypus Project (Dummy Data),11,9/27/21,
9177,Euplatypus Project (Dummy Data),11,9/27/21,
9178,Euplatypus Project (Dummy Data),11,9/27/21,
9179,Euplatypus Project (Dummy Data),11,9/27/21,
9180,Euplatypus Project (Dummy Data),11,9/27/21,
9181,Euplatypus Project (Dummy Data),11,9/27/21,
9182,Euplatypus Project (Dummy Data),11,9/27/21,
9183,Euplatypus Project (Dummy Data),11,6/18/22,
9184,Euplatypus Project (Dummy Data),11,6/18/22,
9185,Euplatypus Project (Dummy Data),11,6/18/22,
9186,Euplatypus Project (Dummy Data),11,6/18/22,
9187,Euplatypus Project (Dummy Data),11,6/18/22,
9188,Euplatypus Project (Dummy Data),11,6/18/22,
9189,Euplatypus Project (Dummy Data),11,6/18/22,
9190,Euplatypus Project (Dummy Data),11,6/18/22,
9191,Euplatypus Project (Dummy Data),11,6/18/22,
9192,Euplatypus Project (Dummy Data),11,6/19/22,
9193,Euplatypus Project (Dummy Data),11,6/18/22,
9194,Euplatypus Project (Dummy Data),11,6/18/22,
9195,Euplatypus Project (Dummy Data),11,6/18/22,
9196,Euplatypus Project (Dummy Data),11,6/18/22,
9197,Euplatypus Project (Dummy Data),11,6/18/22,
9198,Euplatypus Project (Dummy Data),11,6/18/22,
9199,Euplatypus Project (Dummy Data),11,6/18/22,
9200,Euplatypus Project (Dummy Data),11,6/18/22,
9201,Euplatypus Project (Dummy Data),11,6/18/22,
9202,Euplatypus Project (Dummy Data),11,6/18/22,
9203,Euplatypus Project (Dummy Data),11,6/18/22,
9204,Euplatypus Project (Dummy Data),11,6/18/22,
9205,Euplatypus Project (Dummy Data),11,6/18/22,
9206,Euplatypus Project (Dummy Data),11,6/18/22,
9207,Euplatypus Project (Dummy Data),11,6/18/22,
9208,Euplatypus Project (Dummy Data),11,6/18/22,
9209,Euplatypus Project (Dummy Data),11,6/18/22,
9210,Euplatypus Project (Dummy Data),11,6/18/22,
9211,Euplatypus Project (Dummy Data),11,6/18/22,
9212,Euplatypus Project (Dummy Data),11,6/18/22,
9213,Euplatypus Project (Dummy Data),11,6/19/22,
9214,Euplatypus Project (Dummy Data),11,6/19/22,
9215,Euplatypus Project (Dummy Data),11,6/19/22,
9216,Euplatypus Project (Dummy Data),11,6/19/22,
9217,Euplatypus Project (Dummy Data),11,6/18/22,
9218,Euplatypus Project (Dummy Data),11,6/18/22,
9219,Euplatypus Project (Dummy Data),11,6/18/22,
9220,Euplatypus Project (Dummy Data),11,6/19/22,
9221,Euplatypus Project (Dummy Data),11,6/19/22,
9222,Euplatypus Project (Dummy Data),11,6/19/22,
9223,Euplatypus Project (Dummy Data),11,6/18/22,
9224,Euplatypus Project (Dummy Data),11,6/18/22,
9225,Euplatypus Project (Dummy Data),11,6/18/22,
9226,Euplatypus Project (Dummy Data),11,6/18/22,
9227,Euplatypus Project (Dummy Data),11,6/18/22,
9228,Euplatypus Project (Dummy Data),11,6/18/22,
9229,Euplatypus Project (Dummy Data),11,6/18/22,
9230,Euplatypus Project (Dummy Data),11,6/18/22,
9231,Euplatypus Project (Dummy Data),11,6/18/22,
9232,Euplatypus Project (Dummy Data),11,6/18/22,
9233,Euplatypus Project (Dummy Data),11,6/18/22,
9234,Euplatypus Project (Dummy Data),11,6/18/22,
9235,Euplatypus Project (Dummy Data),11,6/18/22,
9236,Euplatypus Project (Dummy Data),11,6/18/22,
9237,Euplatypus Project (Dummy Data),11,6/18/22,
9238,Euplatypus Project (Dummy Data),11,6/18/22,
9239,Euplatypus Project (Dummy Data),11,6/18/22,
9240,Euplatypus Project (Dummy Data),11,6/18/22,
9241,Euplatypus Project (Dummy Data),11,6/18/22,
9242,Euplatypus Project (Dummy Data),11,6/18/22,
9243,Euplatypus Project (Dummy Data),11,6/18/22,
9244,Euplatypus Project (Dummy Data),11,6/18/22,
9245,Euplatypus Project (Dummy Data),11,6/18/22,
9246,Euplatypus Project (Dummy Data),11,6/18/22,
9247,Euplatypus Project (Dummy Data),11,6/18/22,
9248,Euplatypus Project (Dummy Data),11,6/18/22,
9249,Euplatypus Project (Dummy Data),11,6/18/22,
9250,Euplatypus Project (Dummy Data),11,6/18/22,
9251,Euplatypus Project (Dummy Data),11,6/18/22,
9252,Euplatypus Project (Dummy Data),11,6/18/22,
9253,Euplatypus Project (Dummy Data),11,6/18/22,
9254,Euplatypus Project (Dummy Data),11,6/18/22,
9255,Euplatypus Project (Dummy Data),11,6/18/22,
9256,Euplatypus Project (Dummy Data),11,6/18/22,
9257,Euplatypus Project (Dummy Data),11,6/18/22,
9258,Euplatypus Project (Dummy Data),11,6/18/22,
9259,Euplatypus Project (Dummy Data),11,6/18/22,
9260,Euplatypus Project (Dummy Data),11,6/18/22,
9261,Euplatypus Project (Dummy Data),11,6/18/22,
9262,Euplatypus Project (Dummy Data),11,6/19/22,
9263,Euplatypus Project (Dummy Data),11,6/19/22,
9264,Euplatypus Project (Dummy Data),11,6/19/22,
9265,Euplatypus Project (Dummy Data),11,6/19/22,
9266,Euplatypus Project (Dummy Data),11,6/19/22,
9267,Euplatypus Project (Dummy Data),11,6/19/22,
9268,Euplatypus Project (Dummy Data),11,6/19/22,
9269,Euplatypus Project (Dummy Data),11,6/18/22,
9270,Euplatypus Project (Dummy Data),11,6/18/22,
9271,Euplatypus Project (Dummy Data),11,6/19/22,
9272,Euplatypus Project (Dummy Data),11,6/18/22,
9273,Euplatypus Project (Dummy Data),11,6/19/22,
9274,Euplatypus Project (Dummy Data),11,6/19/22,
9275,Euplatypus Project (Dummy Data),11,6/19/22,
9276,Euplatypus Project (Dummy Data),11,6/19/22,
9277,Euplatypus Project (Dummy Data),11,6/18/22,
9278,Euplatypus Project (Dummy Data),11,6/18/22,
9279,Euplatypus Project (Dummy Data),11,6/18/22,
9280,Euplatypus Project (Dummy Data),11,6/19/22,
9281,Euplatypus Project (Dummy Data),11,6/18/22,
9282,Euplatypus Project (Dummy Data),11,6/18/22,
9283,Euplatypus Project (Dummy Data),11,6/18/22,
9284,Euplatypus Project (Dummy Data),11,6/18/22,
9285,Euplatypus Project (Dummy Data),11,6/18/22,
9286,Euplatypus Project (Dummy Data),11,6/18/22,
9287,Euplatypus Project (Dummy Data),11,6/19/22,
9288,Euplatypus Project (Dummy Data),11,6/19/22,
9289,Euplatypus Project (Dummy Data),11,6/18/22,
9290,Euplatypus Project (Dummy Data),11,6/18/22,
9291,Euplatypus Project (Dummy Data),11,6/18/22,
9292,Euplatypus Project (Dummy Data),11,6/18/22,
9293,Euplatypus Project (Dummy Data),11,6/19/22,
9294,Euplatypus Project (Dummy Data),11,6/19/22,
9295,Euplatypus Project (Dummy Data),11,6/19/22,
9296,Euplatypus Project (Dummy Data),11,6/19/22,
9297,Euplatypus Project (Dummy Data),11,9/30/21,
9298,Euplatypus Project (Dummy Data),11,9/30/21,
9299,Euplatypus Project (Dummy Data),11,9/30/21,
9300,Euplatypus Project (Dummy Data),11,9/30/21,
9301,Euplatypus Project (Dummy Data),11,9/30/21,
9302,Euplatypus Project (Dummy Data),11,9/30/21,
9303,Euplatypus Project (Dummy Data),11,9/30/21,
9304,Euplatypus Project (Dummy Data),11,9/30/21,
9305,Euplatypus Project (Dummy Data),11,9/30/21,
9306,Euplatypus Project (Dummy Data),11,9/30/21,
9307,Euplatypus Project (Dummy Data),11,9/30/21,
9308,Euplatypus Project (Dummy Data),11,9/30/21,
9309,Euplatypus Project (Dummy Data),11,9/30/21,
9310,Euplatypus Project (Dummy Data),11,9/30/21,
9311,Euplatypus Project (Dummy Data),11,9/30/21,
9312,Euplatypus Project (Dummy Data),11,9/30/21,
9313,Euplatypus Project (Dummy Data),11,9/30/21,
9314,Euplatypus Project (Dummy Data),11,9/30/21,
9315,Euplatypus Project (Dummy Data),11,9/30/21,
9316,Euplatypus Project (Dummy Data),11,9/30/21,
9317,Euplatypus Project (Dummy Data),11,9/30/21,
9318,Euplatypus Project (Dummy Data),11,9/30/21,
9319,Euplatypus Project (Dummy Data),11,9/30/21,
9320,Euplatypus Project (Dummy Data),11,9/30/21,
9321,Euplatypus Project (Dummy Data),11,9/30/21,
9322,Euplatypus Project (Dummy Data),11,9/30/21,
9323,Euplatypus Project (Dummy Data),11,9/30/21,
9324,Euplatypus Project (Dummy Data),11,9/30/21,
9325,Euplatypus Project (Dummy Data),11,9/30/21,
9326,Euplatypus Project (Dummy Data),11,9/30/21,
9327,Euplatypus Project (Dummy Data),11,9/30/21,
9328,Euplatypus Project (Dummy Data),11,9/30/21,
9329,Euplatypus Project (Dummy Data),11,9/30/21,
9330,Euplatypus Project (Dummy Data),11,9/30/21,
9331,Euplatypus Project (Dummy Data),11,9/30/21,
9332,Euplatypus Project (Dummy Data),11,9/30/21,
9333,Euplatypus Project (Dummy Data),11,9/30/21,
9334,Euplatypus Project (Dummy Data),11,9/30/21,
9335,Euplatypus Project (Dummy Data),11,9/30/21,
9336,Euplatypus Project (Dummy Data),11,9/30/21,
9337,Euplatypus Project (Dummy Data),11,9/30/21,
9338,Euplatypus Project (Dummy Data),11,9/30/21,
9339,Euplatypus Project (Dummy Data),11,9/30/21,
9340,Euplatypus Project (Dummy Data),11,9/30/21,
9341,Euplatypus Project (Dummy Data),11,9/30/21,
9342,Euplatypus Project (Dummy Data),11,9/30/21,
9343,Euplatypus Project (Dummy Data),11,9/30/21,
9344,Euplatypus Project (Dummy Data),11,9/30/21,
9345,Euplatypus Project (Dummy Data),11,9/30/21,
9346,Euplatypus Project (Dummy Data),11,9/30/21,
9347,Euplatypus Project (Dummy Data),11,9/30/21,
9348,Euplatypus Project (Dummy Data),11,9/30/21,
9349,Euplatypus Project (Dummy Data),11,9/30/21,
9350,Euplatypus Project (Dummy Data),11,9/30/21,
9351,Euplatypus Project (Dummy Data),11,9/30/21,
9352,Euplatypus Project (Dummy Data),11,9/30/21,
9353,Euplatypus Project (Dummy Data),11,9/30/21,
9354,Euplatypus Project (Dummy Data),11,9/30/21,
9355,Euplatypus Project (Dummy Data),11,6/18/22,
9356,Euplatypus Project (Dummy Data),11,6/18/22,
9357,Euplatypus Project (Dummy Data),11,6/18/22,
9358,Euplatypus Project (Dummy Data),11,6/18/22,
9359,Euplatypus Project (Dummy Data),11,6/18/22,
9360,Euplatypus Project (Dummy Data),11,6/18/22,
9361,Euplatypus Project (Dummy Data),11,6/18/22,
9362,Euplatypus Project (Dummy Data),11,6/18/22,
9363,Euplatypus Project (Dummy Data),11,6/18/22,
9364,Euplatypus Project (Dummy Data),11,6/18/22,
9365,Euplatypus Project (Dummy Data),11,6/18/22,
9366,Euplatypus Project (Dummy Data),11,6/18/22,
9367,Euplatypus Project (Dummy Data),11,6/18/22,
9368,Euplatypus Project (Dummy Data),11,6/18/22,
9369,Euplatypus Project (Dummy Data),11,6/18/22,
9370,Euplatypus Project (Dummy Data),11,6/18/22,
9371,Euplatypus Project (Dummy Data),11,6/18/22,
9372,Euplatypus Project (Dummy Data),11,6/18/22,
9373,Euplatypus Project (Dummy Data),11,6/18/22,
9374,Euplatypus Project (Dummy Data),11,6/18/22,
9375,Euplatypus Project (Dummy Data),11,6/18/22,
9376,Euplatypus Project (Dummy Data),11,6/18/22,
9377,Euplatypus Project (Dummy Data),11,6/18/22,
9378,Euplatypus Project (Dummy Data),11,6/18/22,
9379,Euplatypus Project (Dummy Data),11,6/18/22,
9380,Euplatypus Project (Dummy Data),11,6/18/22,
9381,Euplatypus Project (Dummy Data),11,6/18/22,
9382,Euplatypus Project (Dummy Data),11,6/18/22,
9383,Euplatypus Project (Dummy Data),11,6/18/22,
9384,Euplatypus Project (Dummy Data),11,6/18/22,
9385,Euplatypus Project (Dummy Data),11,6/18/22,
9386,Euplatypus Project (Dummy Data),11,6/18/22,
9387,Euplatypus Project (Dummy Data),11,6/18/22,
9388,Euplatypus Project (Dummy Data),11,6/18/22,
9389,Euplatypus Project (Dummy Data),11,6/18/22,
9390,Euplatypus Project (Dummy Data),11,6/18/22,
9391,Euplatypus Project (Dummy Data),11,6/18/22,
9392,Euplatypus Project (Dummy Data),11,6/18/22,
9393,Euplatypus Project (Dummy Data),11,6/18/22,
9394,Euplatypus Project (Dummy Data),11,6/18/22,
9395,Euplatypus Project (Dummy Data),11,6/18/22,
9396,Euplatypus Project (Dummy Data),11,6/18/22,
9397,Euplatypus Project (Dummy Data),11,6/18/22,
9398,Euplatypus Project (Dummy Data),11,6/18/22,
9399,Euplatypus Project (Dummy Data),11,6/18/22,
9400,Euplatypus Project (Dummy Data),11,6/18/22,
9401,Euplatypus Project (Dummy Data),11,6/18/22,
9402,Euplatypus Project (Dummy Data),11,6/18/22,
9403,Euplatypus Project (Dummy Data),11,6/18/22,
9404,Euplatypus Project (Dummy Data),11,6/18/22,
9405,Euplatypus Project (Dummy Data),11,6/18/22,
9406,Euplatypus Project (Dummy Data),11,6/18/22,
9407,Euplatypus Project (Dummy Data),11,6/18/22,
9408,Euplatypus Project (Dummy Data),11,6/18/22,
9409,Euplatypus Project (Dummy Data),11,6/18/22,
9410,Euplatypus Project (Dummy Data),11,6/18/22,
9411,Euplatypus Project (Dummy Data),11,6/18/22,
9412,Euplatypus Project (Dummy Data),11,6/18/22,
9413,Euplatypus Project (Dummy Data),11,6/18/22,
9414,Euplatypus Project (Dummy Data),11,6/18/22,
9415,Euplatypus Project (Dummy Data),11,6/18/22,
9416,Euplatypus Project (Dummy Data),11,6/18/22,
9417,Euplatypus Project (Dummy Data),11,6/18/22,
9418,Euplatypus Project (Dummy Data),11,6/18/22,
9419,Euplatypus Project (Dummy Data),11,6/18/22,
9420,Euplatypus Project (Dummy Data),11,6/18/22,
9421,Euplatypus Project (Dummy Data),11,6/18/22,
9422,Euplatypus Project (Dummy Data),11,6/18/22,
9423,Euplatypus Project (Dummy Data),11,6/18/22,
9424,Euplatypus Project (Dummy Data),11,6/18/22,
9425,Euplatypus Project (Dummy Data),11,6/18/22,
9426,Euplatypus Project (Dummy Data),11,6/18/22,
9427,Euplatypus Project (Dummy Data),11,6/18/22,
9428,Euplatypus Project (Dummy Data),11,6/18/22,
9429,Euplatypus Project (Dummy Data),11,6/18/22,
9430,Euplatypus Project (Dummy Data),11,6/18/22,
9431,Euplatypus Project (Dummy Data),11,6/18/22,
9432,Euplatypus Project (Dummy Data),11,6/18/22,
9433,Euplatypus Project (Dummy Data),11,6/18/22,
9434,Euplatypus Project (Dummy Data),11,6/18/22,
9435,Euplatypus Project (Dummy Data),11,6/18/22,
9436,Euplatypus Project (Dummy Data),11,6/18/22,
9437,Euplatypus Project (Dummy Data),11,6/18/22,
9438,Euplatypus Project (Dummy Data),11,6/18/22,
9439,Euplatypus Project (Dummy Data),11,6/18/22,
9440,Euplatypus Project (Dummy Data),11,6/18/22,
9441,Euplatypus Project (Dummy Data),11,6/18/22,
9442,Euplatypus Project (Dummy Data),11,6/18/22,
9443,Euplatypus Project (Dummy Data),11,6/18/22,
9444,Euplatypus Project (Dummy Data),11,6/18/22,
9445,Euplatypus Project (Dummy Data),11,6/18/22,
9446,Euplatypus Project (Dummy Data),11,6/18/22,
9447,Euplatypus Project (Dummy Data),11,6/18/22,
9448,Euplatypus Project (Dummy Data),11,6/18/22,
9449,Euplatypus Project (Dummy Data),11,6/18/22,
9450,Euplatypus Project (Dummy Data),11,6/18/22,
9451,Euplatypus Project (Dummy Data),11,6/18/22,
9452,Euplatypus Project (Dummy Data),11,6/18/22,
9453,Euplatypus Project (Dummy Data),11,6/18/22,
9454,Euplatypus Project (Dummy Data),11,6/18/22,
9455,Euplatypus Project (Dummy Data),11,6/18/22,
9456,Euplatypus Project (Dummy Data),11,6/18/22,
9457,Euplatypus Project (Dummy Data),11,6/18/22,
9458,Euplatypus Project (Dummy Data),11,6/18/22,
9459,Euplatypus Project (Dummy Data),11,6/18/22,
9460,Euplatypus Project (Dummy Data),11,6/18/22,
9461,Euplatypus Project (Dummy Data),11,6/18/22,
9462,Euplatypus Project (Dummy Data),11,6/18/22,
9463,Euplatypus Project (Dummy Data),11,6/18/22,
9464,Euplatypus Project (Dummy Data),11,6/18/22,
9465,Euplatypus Project (Dummy Data),11,6/18/22,
9466,Euplatypus Project (Dummy Data),11,6/18/22,
9467,Euplatypus Project (Dummy Data),11,6/18/22,
9468,Euplatypus Project (Dummy Data),11,6/18/22,
9469,Euplatypus Project (Dummy Data),11,9/30/21,
10222,Euplatypus Project (Dummy Data),11,3/6/25,
10606,Euplatypus Project (Dummy Data),11,3/24/25,
10660,Euplatypus Project (Dummy Data),11,3/28/25,
10911,Euplatypus Project (Dummy Data),11,5/9/25,
10998,Euplatypus Project (Dummy Data),11,5/10/25,
11005,Euplatypus Project (Dummy Data),11,5/10/25,
11046,Euplatypus Project (Dummy Data),11,5/10/25,
11053,Euplatypus Project (Dummy Data),11,5/10/25,
11062,Euplatypus Project (Dummy Data),11,5/10/25,
11069,Euplatypus Project (Dummy Data),11,5/10/25,
11078,Euplatypus Project (Dummy Data),11,5/10/25,
11085,Euplatypus Project (Dummy Data),11,5/10/25,
11094,Euplatypus Project (Dummy Data),11,5/10/25,
11101,Euplatypus Project (Dummy Data),11,5/10/25,
11110,Euplatypus Project (Dummy Data),11,5/11/25,
11117,Euplatypus Project (Dummy Data),11,5/11/25,
11157,Euplatypus Project (Dummy Data),11,5/11/25,
11167,Euplatypus Project (Dummy Data),11,5/11/25,